KEY,FREQ,CURRENCY,CURRENCY_DENOM,EXR_TYPE,EXR_SUFFIX,TIME_PERIOD,OBS_VALUE,OBS_STATUS,OBS_CONF,OBS_PRE_BREAK,OBS_COM,TIME_FORMAT,BREAKS,COLLECTION,COMPILING_ORG,DISS_ORG,DOM_SER_IDS,PUBL_ECB,PUBL_MU,PUBL_PUBLIC,UNIT_INDEX_BASE,COMPILATION,COVERAGE,DECIMALS,NAT_TITLE,SOURCE_AGENCY,SOURCE_PUB,TITLE,TITLE_COMPL,UNIT,UNIT_MULT
EXR.M.PLN.EUR.SP00.A,M,PLN,EUR,SP00,A,1999-01,4.10471,A,F,,,P1M,,A,,,,,,,99Q1=100,,,4,,4F0,,Polish zloty/Euro,"ECB reference exchange rate, Polish zloty/Euro, 2.15 pm (C.E.T.)",PLN,0
EXR.M.PLN.EUR.SP00.A,M,PLN,EUR,SP00,A,1999-02,4.248315,A,F,,,P1M,,A,,,,,,,99Q1=100,,,4,,4F0,,Polish zloty/Euro,"ECB reference exchange rate, Polish zloty/Euro, 2.15 pm (C.E.T.)",PLN,0
EXR.M.PLN.EUR.SP00.A,M,PLN,EUR,SP00,A,1999-03,4.2962043478261,A,F,,,P1M,,A,,,,,,,99Q1=100,,,4,,4F0,,Polish zloty/Euro,"ECB reference exchange rate, Polish zloty/Euro, 2.15 pm (C.E.T.)",PLN,0
EXR.M.PLN.EUR.SP00.A,M,PLN,EUR,SP00,A,1999-04,4.2795954545455,A,F,,,P1M,,A,,,,,,,99Q1=100,,,4,,4F0,,Polish zloty/Euro,"ECB reference exchange rate, Polish zloty/Euro, 2.15 pm (C.E.T.)",PLN,0
EXR.M.PLN.EUR.SP00.A,M,PLN,EUR,SP00,A,1999-05,4.1804952380952,A,F,,,P1M,,A,,,,,,,99Q1=100,,,4,,4F0,,Polish zloty/Euro,"ECB reference exchange rate, Polish zloty/Euro, 2.15 pm (C.E.T.)",PLN,0
EXR.M.PLN.EUR.SP00.A,M,PLN,EUR,SP00,A,1999-06,4.0939181818182,A,F,,,P1M,,A,,,,,,,99Q1=100,,,4,,4F0,,Polish zloty/Euro,"ECB reference exchange rate, Polish zloty/Euro, 2.15 pm (C.E.T.)",PLN,0
EXR.M.PLN.EUR.SP00.A,M,PLN,EUR,SP00,A,1999-07,4.0171909090909,A,F,,,P1M,,A,,,,,,,99Q1=100,,,4,,4F0,,Polish zloty/Euro,"ECB reference exchange rate, Polish zloty/Euro, 2.15 pm (C.E.T.)",PLN,0
EXR.M.PLN.EUR.SP00.A,M,PLN,EUR,SP00,A,1999-08,4.1965636363636,A,F,,,P1M,,A,,,,,,,99Q1=100,,,4,,4F0,,Polish zloty/Euro,"ECB reference exchange rate, Polish zloty/Euro, 2.15 pm (C.E.T.)",PLN,0
EXR.M.PLN.EUR.SP00.A,M,PLN,EUR,SP00,A,1999-09,4.2908181818182,A,F,,,P1M,,A,,,,,,,99Q1=100,,,4,,4F0,,Polish zloty/Euro,"ECB reference exchange rate, Polish zloty/Euro, 2.15 pm (C.E.T.)",PLN,0
EXR.M.PLN.EUR.SP00.A,M,PLN,EUR,SP00,A,1999-10,4.401380952381,A,F,,,P1M,,A,,,,,,,99Q1=100,,,4,,4F0,,Polish zloty/Euro,"ECB reference exchange rate, Polish zloty/Euro, 2.15 pm (C.E.T.)",PLN,0
EXR.M.PLN.EUR.SP00.A,M,PLN,EUR,SP00,A,1999-11,4.3970272727273,A,F,,,P1M,,A,,,,,,,99Q1=100,,,4,,4F0,,Polish zloty/Euro,"ECB reference exchange rate, Polish zloty/Euro, 2.15 pm (C.E.T.)",PLN,0
EXR.M.PLN.EUR.SP00.A,M,PLN,EUR,SP00,A,1999-12,4.2160363636364,A,F,,,P1M,,A,,,,,,,99Q1=100,,,4,,4F0,,Polish zloty/Euro,"ECB reference exchange rate, Polish zloty/Euro, 2.15 pm (C.E.T.)",PLN,0
EXR.M.PLN.EUR.SP00.A,M,PLN,EUR,SP00,A,2000-01,4.1602952380952,A,F,,,P1M,,A,,,,,,,99Q1=100,,,4,,4F0,,Polish zloty/Euro,"ECB reference exchange rate, Polish zloty/Euro, 2.15 pm (C.E.T.)",PLN,0
EXR.M.PLN.EUR.SP00.A,M,PLN,EUR,SP00,A,2000-02,4.0781761904762,A,F,,,P1M,,A,,,,,,,99Q1=100,,,4,,4F0,,Polish zloty/Euro,"ECB reference exchange rate, Polish zloty/Euro, 2.15 pm (C.E.T.)",PLN,0
EXR.M.PLN.EUR.SP00.A,M,PLN,EUR,SP00,A,2000-03,3.9459739130435,A,F,,,P1M,,A,,,,,,,99Q1=100,,,4,,4F0,,Polish zloty/Euro,"ECB reference exchange rate, Polish zloty/Euro, 2.15 pm (C.E.T.)",PLN,0
EXR.M.PLN.EUR.SP00.A,M,PLN,EUR,SP00,A,2000-04,4.0065055555556,A,F,,,P1M,,A,,,,,,,99Q1=100,,,4,,4F0,,Polish zloty/Euro,"ECB reference exchange rate, Polish zloty/Euro, 2.15 pm (C.E.T.)",PLN,0
EXR.M.PLN.EUR.SP00.A,M,PLN,EUR,SP00,A,2000-05,4.0730681818182,A,F,,,P1M,,A,,,,,,,99Q1=100,,,4,,4F0,,Polish zloty/Euro,"ECB reference exchange rate, Polish zloty/Euro, 2.15 pm (C.E.T.)",PLN,0
EXR.M.PLN.EUR.SP00.A,M,PLN,EUR,SP00,A,2000-06,4.1730590909091,A,F,,,P1M,,A,,,,,,,99Q1=100,,,4,,4F0,,Polish zloty/Euro,"ECB reference exchange rate, Polish zloty/Euro, 2.15 pm (C.E.T.)",PLN,0
EXR.M.PLN.EUR.SP00.A,M,PLN,EUR,SP00,A,2000-07,4.0528,A,F,,,P1M,,A,,,,,,,99Q1=100,,,4,,4F0,,Polish zloty/Euro,"ECB reference exchange rate, Polish zloty/Euro, 2.15 pm (C.E.T.)",PLN,0
EXR.M.PLN.EUR.SP00.A,M,PLN,EUR,SP00,A,2000-08,3.9445869565217,A,F,,,P1M,,A,,,,,,,99Q1=100,,,4,,4F0,,Polish zloty/Euro,"ECB reference exchange rate, Polish zloty/Euro, 2.15 pm (C.E.T.)",PLN,0
EXR.M.PLN.EUR.SP00.A,M,PLN,EUR,SP00,A,2000-09,3.9173904761905,A,F,,,P1M,,A,,,,,,,99Q1=100,,,4,,4F0,,Polish zloty/Euro,"ECB reference exchange rate, Polish zloty/Euro, 2.15 pm (C.E.T.)",PLN,0
EXR.M.PLN.EUR.SP00.A,M,PLN,EUR,SP00,A,2000-10,3.9669545454545,A,F,,,P1M,,A,,,,,,,99Q1=100,,,4,,4F0,,Polish zloty/Euro,"ECB reference exchange rate, Polish zloty/Euro, 2.15 pm (C.E.T.)",PLN,0
EXR.M.PLN.EUR.SP00.A,M,PLN,EUR,SP00,A,2000-11,3.8999772727273,A,F,,,P1M,,A,,,,,,,99Q1=100,,,4,,4F0,,Polish zloty/Euro,"ECB reference exchange rate, Polish zloty/Euro, 2.15 pm (C.E.T.)",PLN,0
EXR.M.PLN.EUR.SP00.A,M,PLN,EUR,SP00,A,2000-12,3.8744157894737,A,F,,,P1M,,A,,,,,,,99Q1=100,,,4,,4F0,,Polish zloty/Euro,"ECB reference exchange rate, Polish zloty/Euro, 2.15 pm (C.E.T.)",PLN,0
EXR.M.PLN.EUR.SP00.A,M,PLN,EUR,SP00,A,2001-01,3.8591,A,F,,,P1M,,A,,,,,,,99Q1=100,,,4,,4F0,,Polish zloty/Euro,"ECB reference exchange rate, Polish zloty/Euro, 2.15 pm (C.E.T.)",PLN,0
EXR.M.PLN.EUR.SP00.A,M,PLN,EUR,SP00,A,2001-02,3.767135,A,F,,,P1M,,A,,,,,,,99Q1=100,,,4,,4F0,,Polish zloty/Euro,"ECB reference exchange rate, Polish zloty/Euro, 2.15 pm (C.E.T.)",PLN,0
EXR.M.PLN.EUR.SP00.A,M,PLN,EUR,SP00,A,2001-03,3.69445,A,F,,,P1M,,A,,,,,,,99Q1=100,,,4,,4F0,,Polish zloty/Euro,"ECB reference exchange rate, Polish zloty/Euro, 2.15 pm (C.E.T.)",PLN,0
EXR.M.PLN.EUR.SP00.A,M,PLN,EUR,SP00,A,2001-04,3.5903526315789,A,F,,,P1M,,A,,,,,,,99Q1=100,,,4,,4F0,,Polish zloty/Euro,"ECB reference exchange rate, Polish zloty/Euro, 2.15 pm (C.E.T.)",PLN,0
EXR.M.PLN.EUR.SP00.A,M,PLN,EUR,SP00,A,2001-05,3.4841590909091,A,F,,,P1M,,A,,,,,,,99Q1=100,,,4,,4F0,,Polish zloty/Euro,"ECB reference exchange rate, Polish zloty/Euro, 2.15 pm (C.E.T.)",PLN,0
EXR.M.PLN.EUR.SP00.A,M,PLN,EUR,SP00,A,2001-06,3.3876,A,F,,,P1M,,A,,,,,,,99Q1=100,,,4,,4F0,,Polish zloty/Euro,"ECB reference exchange rate, Polish zloty/Euro, 2.15 pm (C.E.T.)",PLN,0
EXR.M.PLN.EUR.SP00.A,M,PLN,EUR,SP00,A,2001-07,3.6171272727273,A,F,,,P1M,,A,,,,,,,99Q1=100,,,4,,4F0,,Polish zloty/Euro,"ECB reference exchange rate, Polish zloty/Euro, 2.15 pm (C.E.T.)",PLN,0
EXR.M.PLN.EUR.SP00.A,M,PLN,EUR,SP00,A,2001-08,3.8243,A,F,,,P1M,,A,,,,,,,99Q1=100,,,4,,4F0,,Polish zloty/Euro,"ECB reference exchange rate, Polish zloty/Euro, 2.15 pm (C.E.T.)",PLN,0
EXR.M.PLN.EUR.SP00.A,M,PLN,EUR,SP00,A,2001-09,3.84682,A,F,,,P1M,,A,,,,,,,99Q1=100,,,4,,4F0,,Polish zloty/Euro,"ECB reference exchange rate, Polish zloty/Euro, 2.15 pm (C.E.T.)",PLN,0
EXR.M.PLN.EUR.SP00.A,M,PLN,EUR,SP00,A,2001-10,3.7465391304348,A,F,,,P1M,,A,,,,,,,99Q1=100,,,4,,4F0,,Polish zloty/Euro,"ECB reference exchange rate, Polish zloty/Euro, 2.15 pm (C.E.T.)",PLN,0
EXR.M.PLN.EUR.SP00.A,M,PLN,EUR,SP00,A,2001-11,3.6347772727273,A,F,,,P1M,,A,,,,,,,99Q1=100,,,4,,4F0,,Polish zloty/Euro,"ECB reference exchange rate, Polish zloty/Euro, 2.15 pm (C.E.T.)",PLN,0
EXR.M.PLN.EUR.SP00.A,M,PLN,EUR,SP00,A,2001-12,3.5881277777778,A,F,,,P1M,,A,,,,,,,99Q1=100,,,4,,4F0,,Polish zloty/Euro,"ECB reference exchange rate, Polish zloty/Euro, 2.15 pm (C.E.T.)",PLN,0
EXR.M.PLN.EUR.SP00.A,M,PLN,EUR,SP00,A,2002-01,3.5921727272727,A,F,,,P1M,,A,,,,,,,99Q1=100,,,4,,4F0,,Polish zloty/Euro,"ECB reference exchange rate, Polish zloty/Euro, 2.15 pm (C.E.T.)",PLN,0
EXR.M.PLN.EUR.SP00.A,M,PLN,EUR,SP00,A,2002-02,3.641965,A,F,,,P1M,,A,,,,,,,99Q1=100,,,4,,4F0,,Polish zloty/Euro,"ECB reference exchange rate, Polish zloty/Euro, 2.15 pm (C.E.T.)",PLN,0
EXR.M.PLN.EUR.SP00.A,M,PLN,EUR,SP00,A,2002-03,3.62292,A,F,,,P1M,,A,,,,,,,99Q1=100,,,4,,4F0,,Polish zloty/Euro,"ECB reference exchange rate, Polish zloty/Euro, 2.15 pm (C.E.T.)",PLN,0
EXR.M.PLN.EUR.SP00.A,M,PLN,EUR,SP00,A,2002-04,3.5943571428571,A,F,,,P1M,,A,,,,,,,99Q1=100,,,4,,4F0,,Polish zloty/Euro,"ECB reference exchange rate, Polish zloty/Euro, 2.15 pm (C.E.T.)",PLN,0
EXR.M.PLN.EUR.SP00.A,M,PLN,EUR,SP00,A,2002-05,3.7126409090909,A,F,,,P1M,,A,,,,,,,99Q1=100,,,4,,4F0,,Polish zloty/Euro,"ECB reference exchange rate, Polish zloty/Euro, 2.15 pm (C.E.T.)",PLN,0
EXR.M.PLN.EUR.SP00.A,M,PLN,EUR,SP00,A,2002-06,3.850165,A,F,,,P1M,,A,,,,,,,99Q1=100,,,4,,4F0,,Polish zloty/Euro,"ECB reference exchange rate, Polish zloty/Euro, 2.15 pm (C.E.T.)",PLN,0
EXR.M.PLN.EUR.SP00.A,M,PLN,EUR,SP00,A,2002-07,4.0882391304348,A,F,,,P1M,,A,,,,,,,99Q1=100,,,4,,4F0,,Polish zloty/Euro,"ECB reference exchange rate, Polish zloty/Euro, 2.15 pm (C.E.T.)",PLN,0
EXR.M.PLN.EUR.SP00.A,M,PLN,EUR,SP00,A,2002-08,4.0836181818182,A,F,,,P1M,,A,,,,,,,99Q1=100,,,4,,4F0,,Polish zloty/Euro,"ECB reference exchange rate, Polish zloty/Euro, 2.15 pm (C.E.T.)",PLN,0
EXR.M.PLN.EUR.SP00.A,M,PLN,EUR,SP00,A,2002-09,4.0703,A,F,,,P1M,,A,,,,,,,99Q1=100,,,4,,4F0,,Polish zloty/Euro,"ECB reference exchange rate, Polish zloty/Euro, 2.15 pm (C.E.T.)",PLN,0
EXR.M.PLN.EUR.SP00.A,M,PLN,EUR,SP00,A,2002-10,4.0434086956522,A,F,,,P1M,,A,,,,,,,99Q1=100,,,4,,4F0,,Polish zloty/Euro,"ECB reference exchange rate, Polish zloty/Euro, 2.15 pm (C.E.T.)",PLN,0
EXR.M.PLN.EUR.SP00.A,M,PLN,EUR,SP00,A,2002-11,3.9569238095238,A,F,,,P1M,,A,,,,,,,99Q1=100,,,4,,4F0,,Polish zloty/Euro,"ECB reference exchange rate, Polish zloty/Euro, 2.15 pm (C.E.T.)",PLN,0
EXR.M.PLN.EUR.SP00.A,M,PLN,EUR,SP00,A,2002-12,3.98576,A,F,,,P1M,,A,,,,,,,99Q1=100,,,4,,4F0,,Polish zloty/Euro,"ECB reference exchange rate, Polish zloty/Euro, 2.15 pm (C.E.T.)",PLN,0
EXR.M.PLN.EUR.SP00.A,M,PLN,EUR,SP00,A,2003-01,4.0704045454545,A,F,,,P1M,,A,,,,,,,99Q1=100,,,4,,4F0,,Polish zloty/Euro,"ECB reference exchange rate, Polish zloty/Euro, 2.15 pm (C.E.T.)",PLN,0
EXR.M.PLN.EUR.SP00.A,M,PLN,EUR,SP00,A,2003-02,4.16556,A,F,,,P1M,,A,,,,,,,99Q1=100,,,4,,4F0,,Polish zloty/Euro,"ECB reference exchange rate, Polish zloty/Euro, 2.15 pm (C.E.T.)",PLN,0
EXR.M.PLN.EUR.SP00.A,M,PLN,EUR,SP00,A,2003-03,4.3363,A,F,,,P1M,,A,,,,,,,99Q1=100,,,4,,4F0,,Polish zloty/Euro,"ECB reference exchange rate, Polish zloty/Euro, 2.15 pm (C.E.T.)",PLN,0
EXR.M.PLN.EUR.SP00.A,M,PLN,EUR,SP00,A,2003-04,4.29706,A,F,,,P1M,,A,,,,,,,99Q1=100,,,4,,4F0,,Polish zloty/Euro,"ECB reference exchange rate, Polish zloty/Euro, 2.15 pm (C.E.T.)",PLN,0
EXR.M.PLN.EUR.SP00.A,M,PLN,EUR,SP00,A,2003-05,4.3342904761905,A,F,,,P1M,,A,,,,,,,99Q1=100,,,4,,4F0,,Polish zloty/Euro,"ECB reference exchange rate, Polish zloty/Euro, 2.15 pm (C.E.T.)",PLN,0
EXR.M.PLN.EUR.SP00.A,M,PLN,EUR,SP00,A,2003-06,4.4339047619048,A,F,,,P1M,,A,,,,,,,99Q1=100,,,4,,4F0,,Polish zloty/Euro,"ECB reference exchange rate, Polish zloty/Euro, 2.15 pm (C.E.T.)",PLN,0
EXR.M.PLN.EUR.SP00.A,M,PLN,EUR,SP00,A,2003-07,4.4367695652174,A,F,,,P1M,,A,,,,,,,99Q1=100,,,4,,4F0,,Polish zloty/Euro,"ECB reference exchange rate, Polish zloty/Euro, 2.15 pm (C.E.T.)",PLN,0
EXR.M.PLN.EUR.SP00.A,M,PLN,EUR,SP00,A,2003-08,4.3698714285714,A,F,,,P1M,,A,,,,,,,99Q1=100,,,4,,4F0,,Polish zloty/Euro,"ECB reference exchange rate, Polish zloty/Euro, 2.15 pm (C.E.T.)",PLN,0
EXR.M.PLN.EUR.SP00.A,M,PLN,EUR,SP00,A,2003-09,4.4634590909091,A,F,,,P1M,,A,,,,,,,99Q1=100,,,4,,4F0,,Polish zloty/Euro,"ECB reference exchange rate, Polish zloty/Euro, 2.15 pm (C.E.T.)",PLN,0
EXR.M.PLN.EUR.SP00.A,M,PLN,EUR,SP00,A,2003-10,4.5951869565217,A,F,,,P1M,,A,,,,,,,99Q1=100,,,4,,4F0,,Polish zloty/Euro,"ECB reference exchange rate, Polish zloty/Euro, 2.15 pm (C.E.T.)",PLN,0
EXR.M.PLN.EUR.SP00.A,M,PLN,EUR,SP00,A,2003-11,4.617445,A,F,,,P1M,,A,,,,,,,99Q1=100,,,4,,4F0,,Polish zloty/Euro,"ECB reference exchange rate, Polish zloty/Euro, 2.15 pm (C.E.T.)",PLN,0
EXR.M.PLN.EUR.SP00.A,M,PLN,EUR,SP00,A,2003-12,4.659480952381,A,F,,,P1M,,A,,,,,,,99Q1=100,,,4,,4F0,,Polish zloty/Euro,"ECB reference exchange rate, Polish zloty/Euro, 2.15 pm (C.E.T.)",PLN,0
EXR.M.PLN.EUR.SP00.A,M,PLN,EUR,SP00,A,2004-01,4.712819047619,A,F,,,P1M,,A,,,,,,,99Q1=100,,,4,,4F0,,Polish zloty/Euro,"ECB reference exchange rate, Polish zloty/Euro, 2.15 pm (C.E.T.)",PLN,0
EXR.M.PLN.EUR.SP00.A,M,PLN,EUR,SP00,A,2004-02,4.856895,A,F,,,P1M,,A,,,,,,,99Q1=100,,,4,,4F0,,Polish zloty/Euro,"ECB reference exchange rate, Polish zloty/Euro, 2.15 pm (C.E.T.)",PLN,0
EXR.M.PLN.EUR.SP00.A,M,PLN,EUR,SP00,A,2004-03,4.7642304347826,A,F,,,P1M,,A,,,,,,,99Q1=100,,,4,,4F0,,Polish zloty/Euro,"ECB reference exchange rate, Polish zloty/Euro, 2.15 pm (C.E.T.)",PLN,0
EXR.M.PLN.EUR.SP00.A,M,PLN,EUR,SP00,A,2004-04,4.759715,A,F,,,P1M,,A,,,,,,,99Q1=100,,,4,,4F0,,Polish zloty/Euro,"ECB reference exchange rate, Polish zloty/Euro, 2.15 pm (C.E.T.)",PLN,0
EXR.M.PLN.EUR.SP00.A,M,PLN,EUR,SP00,A,2004-05,4.7209476190476,A,F,,,P1M,,A,,,,,,,99Q1=100,,,4,,4F0,,Polish zloty/Euro,"ECB reference exchange rate, Polish zloty/Euro, 2.15 pm (C.E.T.)",PLN,0
EXR.M.PLN.EUR.SP00.A,M,PLN,EUR,SP00,A,2004-06,4.5906045454545,A,F,,,P1M,,A,,,,,,,99Q1=100,,,4,,4F0,,Polish zloty/Euro,"ECB reference exchange rate, Polish zloty/Euro, 2.15 pm (C.E.T.)",PLN,0
EXR.M.PLN.EUR.SP00.A,M,PLN,EUR,SP00,A,2004-07,4.4651045454545,A,F,,,P1M,,A,,,,,,,99Q1=100,,,4,,4F0,,Polish zloty/Euro,"ECB reference exchange rate, Polish zloty/Euro, 2.15 pm (C.E.T.)",PLN,0
EXR.M.PLN.EUR.SP00.A,M,PLN,EUR,SP00,A,2004-08,4.4310045454545,A,F,,,P1M,,A,,,,,,,99Q1=100,,,4,,4F0,,Polish zloty/Euro,"ECB reference exchange rate, Polish zloty/Euro, 2.15 pm (C.E.T.)",PLN,0
EXR.M.PLN.EUR.SP00.A,M,PLN,EUR,SP00,A,2004-09,4.3748363636364,A,F,,,P1M,,A,,,,,,,99Q1=100,,,4,,4F0,,Polish zloty/Euro,"ECB reference exchange rate, Polish zloty/Euro, 2.15 pm (C.E.T.)",PLN,0
EXR.M.PLN.EUR.SP00.A,M,PLN,EUR,SP00,A,2004-10,4.318219047619,A,F,,,P1M,,A,,,,,,,99Q1=100,,,4,,4F0,,Polish zloty/Euro,"ECB reference exchange rate, Polish zloty/Euro, 2.15 pm (C.E.T.)",PLN,0
EXR.M.PLN.EUR.SP00.A,M,PLN,EUR,SP00,A,2004-11,4.2573090909091,A,F,,,P1M,,A,,,,,,,99Q1=100,,,4,,4F0,,Polish zloty/Euro,"ECB reference exchange rate, Polish zloty/Euro, 2.15 pm (C.E.T.)",PLN,0
EXR.M.PLN.EUR.SP00.A,M,PLN,EUR,SP00,A,2004-12,4.1353695652174,A,F,,,P1M,,A,,,,,,,99Q1=100,,,4,,4F0,,Polish zloty/Euro,"ECB reference exchange rate, Polish zloty/Euro, 2.15 pm (C.E.T.)",PLN,0
EXR.M.PLN.EUR.SP00.A,M,PLN,EUR,SP00,A,2005-01,4.0794142857143,A,F,,,P1M,,A,,,,,,,99Q1=100,,,4,,4F0,,Polish zloty/Euro,"ECB reference exchange rate, Polish zloty/Euro, 2.15 pm (C.E.T.)",PLN,0
EXR.M.PLN.EUR.SP00.A,M,PLN,EUR,SP00,A,2005-02,3.986655,A,F,,,P1M,,A,,,,,,,99Q1=100,,,4,,4F0,,Polish zloty/Euro,"ECB reference exchange rate, Polish zloty/Euro, 2.15 pm (C.E.T.)",PLN,0
EXR.M.PLN.EUR.SP00.A,M,PLN,EUR,SP00,A,2005-03,4.0122666666667,A,F,,,P1M,,A,,,,,,,99Q1=100,,,4,,4F0,,Polish zloty/Euro,"ECB reference exchange rate, Polish zloty/Euro, 2.15 pm (C.E.T.)",PLN,0
EXR.M.PLN.EUR.SP00.A,M,PLN,EUR,SP00,A,2005-04,4.1559285714286,A,F,,,P1M,,A,,,,,,,99Q1=100,,,4,,4F0,,Polish zloty/Euro,"ECB reference exchange rate, Polish zloty/Euro, 2.15 pm (C.E.T.)",PLN,0
EXR.M.PLN.EUR.SP00.A,M,PLN,EUR,SP00,A,2005-05,4.1749136363636,A,F,,,P1M,,A,,,,,,,99Q1=100,,,4,,4F0,,Polish zloty/Euro,"ECB reference exchange rate, Polish zloty/Euro, 2.15 pm (C.E.T.)",PLN,0
EXR.M.PLN.EUR.SP00.A,M,PLN,EUR,SP00,A,2005-06,4.0606363636364,A,F,,,P1M,,A,,,,,,,99Q1=100,,,4,,4F0,,Polish zloty/Euro,"ECB reference exchange rate, Polish zloty/Euro, 2.15 pm (C.E.T.)",PLN,0
EXR.M.PLN.EUR.SP00.A,M,PLN,EUR,SP00,A,2005-07,4.0986285714286,A,F,,,P1M,,A,,,,,,,99Q1=100,,,4,,4F0,,Polish zloty/Euro,"ECB reference exchange rate, Polish zloty/Euro, 2.15 pm (C.E.T.)",PLN,0
EXR.M.PLN.EUR.SP00.A,M,PLN,EUR,SP00,A,2005-08,4.0436173913043,A,F,,,P1M,,A,,,,,,,99Q1=100,,,4,,4F0,,Polish zloty/Euro,"ECB reference exchange rate, Polish zloty/Euro, 2.15 pm (C.E.T.)",PLN,0
EXR.M.PLN.EUR.SP00.A,M,PLN,EUR,SP00,A,2005-09,3.9160090909091,A,F,,,P1M,,A,,,,,,,99Q1=100,,,4,,4F0,,Polish zloty/Euro,"ECB reference exchange rate, Polish zloty/Euro, 2.15 pm (C.E.T.)",PLN,0
EXR.M.PLN.EUR.SP00.A,M,PLN,EUR,SP00,A,2005-10,3.9228666666667,A,F,,,P1M,,A,,,,,,,99Q1=100,,,4,,4F0,,Polish zloty/Euro,"ECB reference exchange rate, Polish zloty/Euro, 2.15 pm (C.E.T.)",PLN,0
EXR.M.PLN.EUR.SP00.A,M,PLN,EUR,SP00,A,2005-11,3.9701181818182,A,F,,,P1M,,A,,,,,,,99Q1=100,,,4,,4F0,,Polish zloty/Euro,"ECB reference exchange rate, Polish zloty/Euro, 2.15 pm (C.E.T.)",PLN,0
EXR.M.PLN.EUR.SP00.A,M,PLN,EUR,SP00,A,2005-12,3.8501428571429,A,F,,,P1M,,A,,,,,,,99Q1=100,,,4,,4F0,,Polish zloty/Euro,"ECB reference exchange rate, Polish zloty/Euro, 2.15 pm (C.E.T.)",PLN,0
EXR.M.PLN.EUR.SP00.A,M,PLN,EUR,SP00,A,2006-01,3.8201,A,F,,,P1M,,A,,,,,,,99Q1=100,,,4,,4F0,,Polish zloty/Euro,"ECB reference exchange rate, Polish zloty/Euro, 2.15 pm (C.E.T.)",PLN,0
EXR.M.PLN.EUR.SP00.A,M,PLN,EUR,SP00,A,2006-02,3.79414,A,F,,,P1M,,A,,,,,,,99Q1=100,,,4,,4F0,,Polish zloty/Euro,"ECB reference exchange rate, Polish zloty/Euro, 2.15 pm (C.E.T.)",PLN,0
EXR.M.PLN.EUR.SP00.A,M,PLN,EUR,SP00,A,2006-03,3.8836565217391,A,F,,,P1M,,A,,,,,,,99Q1=100,,,4,,4F0,,Polish zloty/Euro,"ECB reference exchange rate, Polish zloty/Euro, 2.15 pm (C.E.T.)",PLN,0
EXR.M.PLN.EUR.SP00.A,M,PLN,EUR,SP00,A,2006-04,3.9176722222222,A,F,,,P1M,,A,,,,,,,99Q1=100,,,4,,4F0,,Polish zloty/Euro,"ECB reference exchange rate, Polish zloty/Euro, 2.15 pm (C.E.T.)",PLN,0
EXR.M.PLN.EUR.SP00.A,M,PLN,EUR,SP00,A,2006-05,3.8953863636364,A,F,,,P1M,,A,,,,,,,99Q1=100,,,4,,4F0,,Polish zloty/Euro,"ECB reference exchange rate, Polish zloty/Euro, 2.15 pm (C.E.T.)",PLN,0
EXR.M.PLN.EUR.SP00.A,M,PLN,EUR,SP00,A,2006-06,4.0260863636364,A,F,,,P1M,,A,,,,,,,99Q1=100,,,4,,4F0,,Polish zloty/Euro,"ECB reference exchange rate, Polish zloty/Euro, 2.15 pm (C.E.T.)",PLN,0
EXR.M.PLN.EUR.SP00.A,M,PLN,EUR,SP00,A,2006-07,3.9962238095238,A,F,,,P1M,,A,,,,,,,99Q1=100,,,4,,4F0,,Polish zloty/Euro,"ECB reference exchange rate, Polish zloty/Euro, 2.15 pm (C.E.T.)",PLN,0
EXR.M.PLN.EUR.SP00.A,M,PLN,EUR,SP00,A,2006-08,3.9045739130435,A,F,,,P1M,,A,,,,,,,99Q1=100,,,4,,4F0,,Polish zloty/Euro,"ECB reference exchange rate, Polish zloty/Euro, 2.15 pm (C.E.T.)",PLN,0
EXR.M.PLN.EUR.SP00.A,M,PLN,EUR,SP00,A,2006-09,3.964919047619,A,F,,,P1M,,A,,,,,,,99Q1=100,,,4,,4F0,,Polish zloty/Euro,"ECB reference exchange rate, Polish zloty/Euro, 2.15 pm (C.E.T.)",PLN,0
EXR.M.PLN.EUR.SP00.A,M,PLN,EUR,SP00,A,2006-10,3.9013636363636,A,F,,,P1M,,A,,,,,,,99Q1=100,,,4,,4F0,,Polish zloty/Euro,"ECB reference exchange rate, Polish zloty/Euro, 2.15 pm (C.E.T.)",PLN,0
EXR.M.PLN.EUR.SP00.A,M,PLN,EUR,SP00,A,2006-11,3.8248363636364,A,F,,,P1M,,A,,,,,,,99Q1=100,,,4,,4F0,,Polish zloty/Euro,"ECB reference exchange rate, Polish zloty/Euro, 2.15 pm (C.E.T.)",PLN,0
EXR.M.PLN.EUR.SP00.A,M,PLN,EUR,SP00,A,2006-12,3.8125210526316,A,F,,,P1M,,A,,,,,,,99Q1=100,,,4,,4F0,,Polish zloty/Euro,"ECB reference exchange rate, Polish zloty/Euro, 2.15 pm (C.E.T.)",PLN,0
EXR.M.PLN.EUR.SP00.A,M,PLN,EUR,SP00,A,2007-01,3.8794909090909,A,F,,,P1M,,A,,,,,,,99Q1=100,,,4,,4F0,,Polish zloty/Euro,"ECB reference exchange rate, Polish zloty/Euro, 2.15 pm (C.E.T.)",PLN,0
EXR.M.PLN.EUR.SP00.A,M,PLN,EUR,SP00,A,2007-02,3.89433,A,F,,,P1M,,A,,,,,,,99Q1=100,,,4,,4F0,,Polish zloty/Euro,"ECB reference exchange rate, Polish zloty/Euro, 2.15 pm (C.E.T.)",PLN,0
EXR.M.PLN.EUR.SP00.A,M,PLN,EUR,SP00,A,2007-03,3.8859409090909,A,F,,,P1M,,A,,,,,,,99Q1=100,,,4,,4F0,,Polish zloty/Euro,"ECB reference exchange rate, Polish zloty/Euro, 2.15 pm (C.E.T.)",PLN,0
EXR.M.PLN.EUR.SP00.A,M,PLN,EUR,SP00,A,2007-04,3.8143631578947,A,F,,,P1M,,A,,,,,,,99Q1=100,,,4,,4F0,,Polish zloty/Euro,"ECB reference exchange rate, Polish zloty/Euro, 2.15 pm (C.E.T.)",PLN,0
EXR.M.PLN.EUR.SP00.A,M,PLN,EUR,SP00,A,2007-05,3.7818772727273,A,F,,,P1M,,A,,,,,,,99Q1=100,,,4,,4F0,,Polish zloty/Euro,"ECB reference exchange rate, Polish zloty/Euro, 2.15 pm (C.E.T.)",PLN,0
EXR.M.PLN.EUR.SP00.A,M,PLN,EUR,SP00,A,2007-06,3.8074095238095,A,F,,,P1M,,A,,,,,,,99Q1=100,,,4,,4F0,,Polish zloty/Euro,"ECB reference exchange rate, Polish zloty/Euro, 2.15 pm (C.E.T.)",PLN,0
EXR.M.PLN.EUR.SP00.A,M,PLN,EUR,SP00,A,2007-07,3.7682136363636,A,F,,,P1M,,A,,,,,,,99Q1=100,,,4,,4F0,,Polish zloty/Euro,"ECB reference exchange rate, Polish zloty/Euro, 2.15 pm (C.E.T.)",PLN,0
EXR.M.PLN.EUR.SP00.A,M,PLN,EUR,SP00,A,2007-08,3.8116347826087,A,F,,,P1M,,A,,,,,,,99Q1=100,,,4,,4F0,,Polish zloty/Euro,"ECB reference exchange rate, Polish zloty/Euro, 2.15 pm (C.E.T.)",PLN,0
EXR.M.PLN.EUR.SP00.A,M,PLN,EUR,SP00,A,2007-09,3.78913,A,F,,,P1M,,A,,,,,,,99Q1=100,,,4,,4F0,,Polish zloty/Euro,"ECB reference exchange rate, Polish zloty/Euro, 2.15 pm (C.E.T.)",PLN,0
EXR.M.PLN.EUR.SP00.A,M,PLN,EUR,SP00,A,2007-10,3.7062347826087,A,F,,,P1M,,A,,,,,,,99Q1=100,,,4,,4F0,,Polish zloty/Euro,"ECB reference exchange rate, Polish zloty/Euro, 2.15 pm (C.E.T.)",PLN,0
EXR.M.PLN.EUR.SP00.A,M,PLN,EUR,SP00,A,2007-11,3.6575363636364,A,F,,,P1M,,A,,,,,,,99Q1=100,,,4,,4F0,,Polish zloty/Euro,"ECB reference exchange rate, Polish zloty/Euro, 2.15 pm (C.E.T.)",PLN,0
EXR.M.PLN.EUR.SP00.A,M,PLN,EUR,SP00,A,2007-12,3.6014736842105,A,F,,,P1M,,A,,,,,,,99Q1=100,,,4,,4F0,,Polish zloty/Euro,"ECB reference exchange rate, Polish zloty/Euro, 2.15 pm (C.E.T.)",PLN,0
EXR.M.PLN.EUR.SP00.A,M,PLN,EUR,SP00,A,2008-01,3.60915,A,F,,,P1M,,A,,,,,,,99Q1=100,,,4,,4F0,,Polish zloty/Euro,"ECB reference exchange rate, Polish zloty/Euro, 2.15 pm (C.E.T.)",PLN,0
EXR.M.PLN.EUR.SP00.A,M,PLN,EUR,SP00,A,2008-02,3.5767904761905,A,F,,,P1M,,A,,,,,,,99Q1=100,,,4,,4F0,,Polish zloty/Euro,"ECB reference exchange rate, Polish zloty/Euro, 2.15 pm (C.E.T.)",PLN,0
EXR.M.PLN.EUR.SP00.A,M,PLN,EUR,SP00,A,2008-03,3.5362842105263,A,F,,,P1M,,A,,,,,,,99Q1=100,,,4,,4F0,,Polish zloty/Euro,"ECB reference exchange rate, Polish zloty/Euro, 2.15 pm (C.E.T.)",PLN,0
EXR.M.PLN.EUR.SP00.A,M,PLN,EUR,SP00,A,2008-04,3.4421272727273,A,F,,,P1M,,A,,,,,,,99Q1=100,,,4,,4F0,,Polish zloty/Euro,"ECB reference exchange rate, Polish zloty/Euro, 2.15 pm (C.E.T.)",PLN,0
EXR.M.PLN.EUR.SP00.A,M,PLN,EUR,SP00,A,2008-05,3.4037761904762,A,F,,,P1M,,A,,,,,,,99Q1=100,,,4,,4F0,,Polish zloty/Euro,"ECB reference exchange rate, Polish zloty/Euro, 2.15 pm (C.E.T.)",PLN,0
EXR.M.PLN.EUR.SP00.A,M,PLN,EUR,SP00,A,2008-06,3.3735523809524,A,F,,,P1M,,A,,,,,,,99Q1=100,,,4,,4F0,,Polish zloty/Euro,"ECB reference exchange rate, Polish zloty/Euro, 2.15 pm (C.E.T.)",PLN,0
EXR.M.PLN.EUR.SP00.A,M,PLN,EUR,SP00,A,2008-07,3.2590826086957,A,F,,,P1M,,A,,,,,,,99Q1=100,,,4,,4F0,,Polish zloty/Euro,"ECB reference exchange rate, Polish zloty/Euro, 2.15 pm (C.E.T.)",PLN,0
EXR.M.PLN.EUR.SP00.A,M,PLN,EUR,SP00,A,2008-08,3.2919619047619,A,F,,,P1M,,A,,,,,,,99Q1=100,,,4,,4F0,,Polish zloty/Euro,"ECB reference exchange rate, Polish zloty/Euro, 2.15 pm (C.E.T.)",PLN,0
EXR.M.PLN.EUR.SP00.A,M,PLN,EUR,SP00,A,2008-09,3.3747045454545,A,F,,,P1M,,A,,,,,,,99Q1=100,,,4,,4F0,,Polish zloty/Euro,"ECB reference exchange rate, Polish zloty/Euro, 2.15 pm (C.E.T.)",PLN,0
EXR.M.PLN.EUR.SP00.A,M,PLN,EUR,SP00,A,2008-10,3.5767260869565,A,F,,,P1M,,A,,,,,,,99Q1=100,,,4,,4F0,,Polish zloty/Euro,"ECB reference exchange rate, Polish zloty/Euro, 2.15 pm (C.E.T.)",PLN,0
EXR.M.PLN.EUR.SP00.A,M,PLN,EUR,SP00,A,2008-11,3.732595,A,F,,,P1M,,A,,,,,,,99Q1=100,,,4,,4F0,,Polish zloty/Euro,"ECB reference exchange rate, Polish zloty/Euro, 2.15 pm (C.E.T.)",PLN,0
EXR.M.PLN.EUR.SP00.A,M,PLN,EUR,SP00,A,2008-12,4.0044333333333,A,F,,,P1M,,A,,,,,,,99Q1=100,,,4,,4F0,,Polish zloty/Euro,"ECB reference exchange rate, Polish zloty/Euro, 2.15 pm (C.E.T.)",PLN,0
EXR.M.PLN.EUR.SP00.A,M,PLN,EUR,SP00,A,2009-01,4.230019047619,A,F,,,P1M,,A,,,,,,,99Q1=100,,,4,,4F0,,Polish zloty/Euro,"ECB reference exchange rate, Polish zloty/Euro, 2.15 pm (C.E.T.)",PLN,0
EXR.M.PLN.EUR.SP00.A,M,PLN,EUR,SP00,A,2009-02,4.64669,A,F,,,P1M,,A,,,,,,,99Q1=100,,,4,,4F0,,Polish zloty/Euro,"ECB reference exchange rate, Polish zloty/Euro, 2.15 pm (C.E.T.)",PLN,0
EXR.M.PLN.EUR.SP00.A,M,PLN,EUR,SP00,A,2009-03,4.6210363636364,A,F,,,P1M,,A,,,,,,,99Q1=100,,,4,,4F0,,Polish zloty/Euro,"ECB reference exchange rate, Polish zloty/Euro, 2.15 pm (C.E.T.)",PLN,0
EXR.M.PLN.EUR.SP00.A,M,PLN,EUR,SP00,A,2009-04,4.43256,A,F,,,P1M,,A,,,,,,,99Q1=100,,,4,,4F0,,Polish zloty/Euro,"ECB reference exchange rate, Polish zloty/Euro, 2.15 pm (C.E.T.)",PLN,0
EXR.M.PLN.EUR.SP00.A,M,PLN,EUR,SP00,A,2009-05,4.41027,A,F,,,P1M,,A,,,,,,,99Q1=100,,,4,,4F0,,Polish zloty/Euro,"ECB reference exchange rate, Polish zloty/Euro, 2.15 pm (C.E.T.)",PLN,0
EXR.M.PLN.EUR.SP00.A,M,PLN,EUR,SP00,A,2009-06,4.5084090909091,A,F,,,P1M,,A,,,,,,,99Q1=100,,,4,,4F0,,Polish zloty/Euro,"ECB reference exchange rate, Polish zloty/Euro, 2.15 pm (C.E.T.)",PLN,0
EXR.M.PLN.EUR.SP00.A,M,PLN,EUR,SP00,A,2009-07,4.2964869565217,A,F,,,P1M,,A,,,,,,,99Q1=100,,,4,,4F0,,Polish zloty/Euro,"ECB reference exchange rate, Polish zloty/Euro, 2.15 pm (C.E.T.)",PLN,0
EXR.M.PLN.EUR.SP00.A,M,PLN,EUR,SP00,A,2009-08,4.1310619047619,A,F,,,P1M,,A,,,,,,,99Q1=100,,,4,,4F0,,Polish zloty/Euro,"ECB reference exchange rate, Polish zloty/Euro, 2.15 pm (C.E.T.)",PLN,0
EXR.M.PLN.EUR.SP00.A,M,PLN,EUR,SP00,A,2009-09,4.1584318181818,A,F,,,P1M,,A,,,,,,,99Q1=100,,,4,,4F0,,Polish zloty/Euro,"ECB reference exchange rate, Polish zloty/Euro, 2.15 pm (C.E.T.)",PLN,0
EXR.M.PLN.EUR.SP00.A,M,PLN,EUR,SP00,A,2009-10,4.2146136363636,A,F,,,P1M,,A,,,,,,,99Q1=100,,,4,,4F0,,Polish zloty/Euro,"ECB reference exchange rate, Polish zloty/Euro, 2.15 pm (C.E.T.)",PLN,0
EXR.M.PLN.EUR.SP00.A,M,PLN,EUR,SP00,A,2009-11,4.1646047619048,A,F,,,P1M,,A,,,,,,,99Q1=100,,,4,,4F0,,Polish zloty/Euro,"ECB reference exchange rate, Polish zloty/Euro, 2.15 pm (C.E.T.)",PLN,0
EXR.M.PLN.EUR.SP00.A,M,PLN,EUR,SP00,A,2009-12,4.1439,A,F,,,P1M,,A,,,,,,,99Q1=100,,,4,,4F0,,Polish zloty/Euro,"ECB reference exchange rate, Polish zloty/Euro, 2.15 pm (C.E.T.)",PLN,0
EXR.M.PLN.EUR.SP00.A,M,PLN,EUR,SP00,A,2010-01,4.07034,A,F,,,P1M,,A,,,,,,,99Q1=100,,,4,,4F0,,Polish zloty/Euro,"ECB reference exchange rate, Polish zloty/Euro, 2.15 pm (C.E.T.)",PLN,0
EXR.M.PLN.EUR.SP00.A,M,PLN,EUR,SP00,A,2010-02,4.01438,A,F,,,P1M,,A,,,,,,,99Q1=100,,,4,,4F0,,Polish zloty/Euro,"ECB reference exchange rate, Polish zloty/Euro, 2.15 pm (C.E.T.)",PLN,0
EXR.M.PLN.EUR.SP00.A,M,PLN,EUR,SP00,A,2010-03,3.8905652173913,A,F,,,P1M,,A,,,,,,,99Q1=100,,,4,,4F0,,Polish zloty/Euro,"ECB reference exchange rate, Polish zloty/Euro, 2.15 pm (C.E.T.)",PLN,0
EXR.M.PLN.EUR.SP00.A,M,PLN,EUR,SP00,A,2010-04,3.87818,A,F,,,P1M,,A,,,,,,,99Q1=100,,,4,,4F0,,Polish zloty/Euro,"ECB reference exchange rate, Polish zloty/Euro, 2.15 pm (C.E.T.)",PLN,0
EXR.M.PLN.EUR.SP00.A,M,PLN,EUR,SP00,A,2010-05,4.0567333333333,A,F,,,P1M,,A,,,,,,,99Q1=100,,,4,,4F0,,Polish zloty/Euro,"ECB reference exchange rate, Polish zloty/Euro, 2.15 pm (C.E.T.)",PLN,0
EXR.M.PLN.EUR.SP00.A,M,PLN,EUR,SP00,A,2010-06,4.1054909090909,A,F,,,P1M,,A,,,,,,,99Q1=100,,,4,,4F0,,Polish zloty/Euro,"ECB reference exchange rate, Polish zloty/Euro, 2.15 pm (C.E.T.)",PLN,0
EXR.M.PLN.EUR.SP00.A,M,PLN,EUR,SP00,A,2010-07,4.0813727272727,A,F,,,P1M,,A,,,,,,,99Q1=100,,,4,,4F0,,Polish zloty/Euro,"ECB reference exchange rate, Polish zloty/Euro, 2.15 pm (C.E.T.)",PLN,0
EXR.M.PLN.EUR.SP00.A,M,PLN,EUR,SP00,A,2010-08,3.9898954545455,A,F,,,P1M,,A,,,,,,,99Q1=100,,,4,,4F0,,Polish zloty/Euro,"ECB reference exchange rate, Polish zloty/Euro, 2.15 pm (C.E.T.)",PLN,0
EXR.M.PLN.EUR.SP00.A,M,PLN,EUR,SP00,A,2010-09,3.9547727272727,A,F,,,P1M,,A,,,,,,,99Q1=100,,,4,,4F0,,Polish zloty/Euro,"ECB reference exchange rate, Polish zloty/Euro, 2.15 pm (C.E.T.)",PLN,0
EXR.M.PLN.EUR.SP00.A,M,PLN,EUR,SP00,A,2010-10,3.9496285714286,A,F,,,P1M,,A,,,,,,,99Q1=100,,,4,,4F0,,Polish zloty/Euro,"ECB reference exchange rate, Polish zloty/Euro, 2.15 pm (C.E.T.)",PLN,0
EXR.M.PLN.EUR.SP00.A,M,PLN,EUR,SP00,A,2010-11,3.9520318181818,A,F,,,P1M,,A,,,,,,,99Q1=100,,,4,,4F0,,Polish zloty/Euro,"ECB reference exchange rate, Polish zloty/Euro, 2.15 pm (C.E.T.)",PLN,0
EXR.M.PLN.EUR.SP00.A,M,PLN,EUR,SP00,A,2010-12,3.9961608695652,A,F,,,P1M,,A,,,,,,,99Q1=100,,,4,,4F0,,Polish zloty/Euro,"ECB reference exchange rate, Polish zloty/Euro, 2.15 pm (C.E.T.)",PLN,0
EXR.M.PLN.EUR.SP00.A,M,PLN,EUR,SP00,A,2011-01,3.8896333333333,A,F,,,P1M,,A,,,,,,,99Q1=100,,,4,,4F0,,Polish zloty/Euro,"ECB reference exchange rate, Polish zloty/Euro, 2.15 pm (C.E.T.)",PLN,0
EXR.M.PLN.EUR.SP00.A,M,PLN,EUR,SP00,A,2011-02,3.926365,A,F,,,P1M,,A,,,,,,,99Q1=100,,,4,,4F0,,Polish zloty/Euro,"ECB reference exchange rate, Polish zloty/Euro, 2.15 pm (C.E.T.)",PLN,0
EXR.M.PLN.EUR.SP00.A,M,PLN,EUR,SP00,A,2011-03,4.0144782608696,A,F,,,P1M,,A,,,,,,,99Q1=100,,,4,,4F0,,Polish zloty/Euro,"ECB reference exchange rate, Polish zloty/Euro, 2.15 pm (C.E.T.)",PLN,0
EXR.M.PLN.EUR.SP00.A,M,PLN,EUR,SP00,A,2011-04,3.9694105263158,A,F,,,P1M,,A,,,,,,,99Q1=100,,,4,,4F0,,Polish zloty/Euro,"ECB reference exchange rate, Polish zloty/Euro, 2.15 pm (C.E.T.)",PLN,0
EXR.M.PLN.EUR.SP00.A,M,PLN,EUR,SP00,A,2011-05,3.9403863636364,A,F,,,P1M,,A,,,,,,,99Q1=100,,,4,,4F0,,Polish zloty/Euro,"ECB reference exchange rate, Polish zloty/Euro, 2.15 pm (C.E.T.)",PLN,0
EXR.M.PLN.EUR.SP00.A,M,PLN,EUR,SP00,A,2011-06,3.9702454545455,A,F,,,P1M,,A,,,,,,,99Q1=100,,,4,,4F0,,Polish zloty/Euro,"ECB reference exchange rate, Polish zloty/Euro, 2.15 pm (C.E.T.)",PLN,0
EXR.M.PLN.EUR.SP00.A,M,PLN,EUR,SP00,A,2011-07,3.995080952381,A,F,,,P1M,,A,,,,,,,99Q1=100,,,4,,4F0,,Polish zloty/Euro,"ECB reference exchange rate, Polish zloty/Euro, 2.15 pm (C.E.T.)",PLN,0
EXR.M.PLN.EUR.SP00.A,M,PLN,EUR,SP00,A,2011-08,4.1195043478261,A,F,,,P1M,,A,,,,,,,99Q1=100,,,4,,4F0,,Polish zloty/Euro,"ECB reference exchange rate, Polish zloty/Euro, 2.15 pm (C.E.T.)",PLN,0
EXR.M.PLN.EUR.SP00.A,M,PLN,EUR,SP00,A,2011-09,4.3379409090909,A,F,,,P1M,,A,,,,,,,99Q1=100,,,4,,4F0,,Polish zloty/Euro,"ECB reference exchange rate, Polish zloty/Euro, 2.15 pm (C.E.T.)",PLN,0
EXR.M.PLN.EUR.SP00.A,M,PLN,EUR,SP00,A,2011-10,4.3516476190476,A,F,,,P1M,,A,,,,,,,99Q1=100,,,4,,4F0,,Polish zloty/Euro,"ECB reference exchange rate, Polish zloty/Euro, 2.15 pm (C.E.T.)",PLN,0
EXR.M.PLN.EUR.SP00.A,M,PLN,EUR,SP00,A,2011-11,4.4323590909091,A,F,,,P1M,,A,,,,,,,99Q1=100,,,4,,4F0,,Polish zloty/Euro,"ECB reference exchange rate, Polish zloty/Euro, 2.15 pm (C.E.T.)",PLN,0
EXR.M.PLN.EUR.SP00.A,M,PLN,EUR,SP00,A,2011-12,4.4774,A,F,,,P1M,,A,,,,,,,99Q1=100,,,4,,4F0,,Polish zloty/Euro,"ECB reference exchange rate, Polish zloty/Euro, 2.15 pm (C.E.T.)",PLN,0
EXR.M.PLN.EUR.SP00.A,M,PLN,EUR,SP00,A,2012-01,4.3760136363636,A,F,,,P1M,,A,,,,,,,99Q1=100,,,4,,4F0,,Polish zloty/Euro,"ECB reference exchange rate, Polish zloty/Euro, 2.15 pm (C.E.T.)",PLN,0
EXR.M.PLN.EUR.SP00.A,M,PLN,EUR,SP00,A,2012-02,4.1834904761905,A,F,,,P1M,,A,,,,,,,99Q1=100,,,4,,4F0,,Polish zloty/Euro,"ECB reference exchange rate, Polish zloty/Euro, 2.15 pm (C.E.T.)",PLN,0
EXR.M.PLN.EUR.SP00.A,M,PLN,EUR,SP00,A,2012-03,4.1370454545455,A,F,,,P1M,,A,,,,,,,99Q1=100,,,4,,4F0,,Polish zloty/Euro,"ECB reference exchange rate, Polish zloty/Euro, 2.15 pm (C.E.T.)",PLN,0
EXR.M.PLN.EUR.SP00.A,M,PLN,EUR,SP00,A,2012-04,4.1781684210526,A,F,,,P1M,,A,,,,,,,99Q1=100,,,4,,4F0,,Polish zloty/Euro,"ECB reference exchange rate, Polish zloty/Euro, 2.15 pm (C.E.T.)",PLN,0
EXR.M.PLN.EUR.SP00.A,M,PLN,EUR,SP00,A,2012-05,4.29365,A,F,,,P1M,,A,,,,,,,99Q1=100,,,4,,4F0,,Polish zloty/Euro,"ECB reference exchange rate, Polish zloty/Euro, 2.15 pm (C.E.T.)",PLN,0
EXR.M.PLN.EUR.SP00.A,M,PLN,EUR,SP00,A,2012-06,4.2972952380952,A,F,,,P1M,,A,,,,,,,99Q1=100,,,4,,4F0,,Polish zloty/Euro,"ECB reference exchange rate, Polish zloty/Euro, 2.15 pm (C.E.T.)",PLN,0
EXR.M.PLN.EUR.SP00.A,M,PLN,EUR,SP00,A,2012-07,4.1836590909091,A,F,,,P1M,,A,,,,,,,99Q1=100,,,4,,4F0,,Polish zloty/Euro,"ECB reference exchange rate, Polish zloty/Euro, 2.15 pm (C.E.T.)",PLN,0
EXR.M.PLN.EUR.SP00.A,M,PLN,EUR,SP00,A,2012-08,4.0933608695652,A,F,,,P1M,,A,,,,,,,99Q1=100,,,4,,4F0,,Polish zloty/Euro,"ECB reference exchange rate, Polish zloty/Euro, 2.15 pm (C.E.T.)",PLN,0
EXR.M.PLN.EUR.SP00.A,M,PLN,EUR,SP00,A,2012-09,4.134525,A,F,,,P1M,,A,,,,,,,99Q1=100,,,4,,4F0,,Polish zloty/Euro,"ECB reference exchange rate, Polish zloty/Euro, 2.15 pm (C.E.T.)",PLN,0
EXR.M.PLN.EUR.SP00.A,M,PLN,EUR,SP00,A,2012-10,4.1070695652174,A,F,,,P1M,,A,,,,,,,99Q1=100,,,4,,4F0,,Polish zloty/Euro,"ECB reference exchange rate, Polish zloty/Euro, 2.15 pm (C.E.T.)",PLN,0
EXR.M.PLN.EUR.SP00.A,M,PLN,EUR,SP00,A,2012-11,4.1321227272727,A,F,,,P1M,,A,,,,,,,99Q1=100,,,4,,4F0,,Polish zloty/Euro,"ECB reference exchange rate, Polish zloty/Euro, 2.15 pm (C.E.T.)",PLN,0
EXR.M.PLN.EUR.SP00.A,M,PLN,EUR,SP00,A,2012-12,4.0955684210526,A,F,,,P1M,,A,,,,,,,99Q1=100,,,4,,4F0,,Polish zloty/Euro,"ECB reference exchange rate, Polish zloty/Euro, 2.15 pm (C.E.T.)",PLN,0
EXR.M.PLN.EUR.SP00.A,M,PLN,EUR,SP00,A,2013-01,4.1423909090909,A,F,,,P1M,,A,,,,,,,99Q1=100,,,4,,4F0,,Polish zloty/Euro,"ECB reference exchange rate, Polish zloty/Euro, 2.15 pm (C.E.T.)",PLN,0
EXR.M.PLN.EUR.SP00.A,M,PLN,EUR,SP00,A,2013-02,4.17001,A,F,,,P1M,,A,,,,,,,99Q1=100,,,4,,4F0,,Polish zloty/Euro,"ECB reference exchange rate, Polish zloty/Euro, 2.15 pm (C.E.T.)",PLN,0
EXR.M.PLN.EUR.SP00.A,M,PLN,EUR,SP00,A,2013-03,4.15645,A,F,,,P1M,,A,,,,,,,99Q1=100,,,4,,4F0,,Polish zloty/Euro,"ECB reference exchange rate, Polish zloty/Euro, 2.15 pm (C.E.T.)",PLN,0
EXR.M.PLN.EUR.SP00.A,M,PLN,EUR,SP00,A,2013-04,4.1358857142857,A,F,,,P1M,,A,,,,,,,99Q1=100,,,4,,4F0,,Polish zloty/Euro,"ECB reference exchange rate, Polish zloty/Euro, 2.15 pm (C.E.T.)",PLN,0
EXR.M.PLN.EUR.SP00.A,M,PLN,EUR,SP00,A,2013-05,4.1798590909091,A,F,,,P1M,,A,,,,,,,99Q1=100,,,4,,4F0,,Polish zloty/Euro,"ECB reference exchange rate, Polish zloty/Euro, 2.15 pm (C.E.T.)",PLN,0
EXR.M.PLN.EUR.SP00.A,M,PLN,EUR,SP00,A,2013-06,4.283895,A,F,,,P1M,,A,,,,,,,99Q1=100,,,4,,4F0,,Polish zloty/Euro,"ECB reference exchange rate, Polish zloty/Euro, 2.15 pm (C.E.T.)",PLN,0
EXR.M.PLN.EUR.SP00.A,M,PLN,EUR,SP00,A,2013-07,4.274547826087,A,F,,,P1M,,A,,,,,,,99Q1=100,,,4,,4F0,,Polish zloty/Euro,"ECB reference exchange rate, Polish zloty/Euro, 2.15 pm (C.E.T.)",PLN,0
EXR.M.PLN.EUR.SP00.A,M,PLN,EUR,SP00,A,2013-08,4.2298681818182,A,F,,,P1M,,A,,,,,,,99Q1=100,,,4,,4F0,,Polish zloty/Euro,"ECB reference exchange rate, Polish zloty/Euro, 2.15 pm (C.E.T.)",PLN,0
EXR.M.PLN.EUR.SP00.A,M,PLN,EUR,SP00,A,2013-09,4.2371285714286,A,F,,,P1M,,A,,,,,,,99Q1=100,,,4,,4F0,,Polish zloty/Euro,"ECB reference exchange rate, Polish zloty/Euro, 2.15 pm (C.E.T.)",PLN,0
EXR.M.PLN.EUR.SP00.A,M,PLN,EUR,SP00,A,2013-10,4.1901826086957,A,F,,,P1M,,A,,,,,,,99Q1=100,,,4,,4F0,,Polish zloty/Euro,"ECB reference exchange rate, Polish zloty/Euro, 2.15 pm (C.E.T.)",PLN,0
EXR.M.PLN.EUR.SP00.A,M,PLN,EUR,SP00,A,2013-11,4.1887333333333,A,F,,,P1M,,A,,,,,,,99Q1=100,,,4,,4F0,,Polish zloty/Euro,"ECB reference exchange rate, Polish zloty/Euro, 2.15 pm (C.E.T.)",PLN,0
EXR.M.PLN.EUR.SP00.A,M,PLN,EUR,SP00,A,2013-12,4.17602,A,F,,,P1M,,A,,,,,,,99Q1=100,,,4,,4F0,,Polish zloty/Euro,"ECB reference exchange rate, Polish zloty/Euro, 2.15 pm (C.E.T.)",PLN,0
EXR.M.PLN.EUR.SP00.A,M,PLN,EUR,SP00,A,2014-01,4.1799,A,F,,,P1M,,A,,,,,,,99Q1=100,,,4,,4F0,,Polish zloty/Euro,"ECB reference exchange rate, Polish zloty/Euro, 2.15 pm (C.E.T.)",PLN,0
EXR.M.PLN.EUR.SP00.A,M,PLN,EUR,SP00,A,2014-02,4.17408,A,F,,,P1M,,A,,,,,,,99Q1=100,,,4,,4F0,,Polish zloty/Euro,"ECB reference exchange rate, Polish zloty/Euro, 2.15 pm (C.E.T.)",PLN,0
EXR.M.PLN.EUR.SP00.A,M,PLN,EUR,SP00,A,2014-03,4.1986666666667,A,F,,,P1M,,A,,,,,,,99Q1=100,,,4,,4F0,,Polish zloty/Euro,"ECB reference exchange rate, Polish zloty/Euro, 2.15 pm (C.E.T.)",PLN,0
EXR.M.PLN.EUR.SP00.A,M,PLN,EUR,SP00,A,2014-04,4.185315,A,F,,,P1M,,A,,,,,,,99Q1=100,,,4,,4F0,,Polish zloty/Euro,"ECB reference exchange rate, Polish zloty/Euro, 2.15 pm (C.E.T.)",PLN,0
EXR.M.PLN.EUR.SP00.A,M,PLN,EUR,SP00,A,2014-05,4.1799952380952,A,F,,,P1M,,A,,,,,,,99Q1=100,,,4,,4F0,,Polish zloty/Euro,"ECB reference exchange rate, Polish zloty/Euro, 2.15 pm (C.E.T.)",PLN,0
EXR.M.PLN.EUR.SP00.A,M,PLN,EUR,SP00,A,2014-06,4.1352095238095,A,F,,,P1M,,A,,,,,,,99Q1=100,,,4,,4F0,,Polish zloty/Euro,"ECB reference exchange rate, Polish zloty/Euro, 2.15 pm (C.E.T.)",PLN,0
EXR.M.PLN.EUR.SP00.A,M,PLN,EUR,SP00,A,2014-07,4.1444434782609,A,F,,,P1M,,A,,,,,,,99Q1=100,,,4,,4F0,,Polish zloty/Euro,"ECB reference exchange rate, Polish zloty/Euro, 2.15 pm (C.E.T.)",PLN,0
EXR.M.PLN.EUR.SP00.A,M,PLN,EUR,SP00,A,2014-08,4.1918952380952,A,F,,,P1M,,A,,,,,,,99Q1=100,,,4,,4F0,,Polish zloty/Euro,"ECB reference exchange rate, Polish zloty/Euro, 2.15 pm (C.E.T.)",PLN,0
EXR.M.PLN.EUR.SP00.A,M,PLN,EUR,SP00,A,2014-09,4.1898727272727,A,F,,,P1M,,A,,,,,,,99Q1=100,,,4,,4F0,,Polish zloty/Euro,"ECB reference exchange rate, Polish zloty/Euro, 2.15 pm (C.E.T.)",PLN,0
EXR.M.PLN.EUR.SP00.A,M,PLN,EUR,SP00,A,2014-10,4.2066391304348,A,F,,,P1M,,A,,,,,,,99Q1=100,,,4,,4F0,,Polish zloty/Euro,"ECB reference exchange rate, Polish zloty/Euro, 2.15 pm (C.E.T.)",PLN,0
EXR.M.PLN.EUR.SP00.A,M,PLN,EUR,SP00,A,2014-11,4.2121,A,F,,,P1M,,A,,,,,,,99Q1=100,,,4,,4F0,,Polish zloty/Euro,"ECB reference exchange rate, Polish zloty/Euro, 2.15 pm (C.E.T.)",PLN,0
EXR.M.PLN.EUR.SP00.A,M,PLN,EUR,SP00,A,2014-12,4.215480952381,A,F,,,P1M,,A,,,,,,,99Q1=100,,,4,,4F0,,Polish zloty/Euro,"ECB reference exchange rate, Polish zloty/Euro, 2.15 pm (C.E.T.)",PLN,0
EXR.M.PLN.EUR.SP00.A,M,PLN,EUR,SP00,A,2015-01,4.2783285714286,A,F,,,P1M,,A,,,,,,,99Q1=100,,,4,,4F0,,Polish zloty/Euro,"ECB reference exchange rate, Polish zloty/Euro, 2.15 pm (C.E.T.)",PLN,0
EXR.M.PLN.EUR.SP00.A,M,PLN,EUR,SP00,A,2015-02,4.175995,A,F,,,P1M,,A,,,,,,,99Q1=100,,,4,,4F0,,Polish zloty/Euro,"ECB reference exchange rate, Polish zloty/Euro, 2.15 pm (C.E.T.)",PLN,0
EXR.M.PLN.EUR.SP00.A,M,PLN,EUR,SP00,A,2015-03,4.1259409090909,A,F,,,P1M,,A,,,,,,,99Q1=100,,,4,,4F0,,Polish zloty/Euro,"ECB reference exchange rate, Polish zloty/Euro, 2.15 pm (C.E.T.)",PLN,0
EXR.M.PLN.EUR.SP00.A,M,PLN,EUR,SP00,A,2015-04,4.01801,A,F,,,P1M,,A,,,,,,,99Q1=100,,,4,,4F0,,Polish zloty/Euro,"ECB reference exchange rate, Polish zloty/Euro, 2.15 pm (C.E.T.)",PLN,0
EXR.M.PLN.EUR.SP00.A,M,PLN,EUR,SP00,A,2015-05,4.08108,A,F,,,P1M,,A,,,,,,,99Q1=100,,,4,,4F0,,Polish zloty/Euro,"ECB reference exchange rate, Polish zloty/Euro, 2.15 pm (C.E.T.)",PLN,0
EXR.M.PLN.EUR.SP00.A,M,PLN,EUR,SP00,A,2015-06,4.1586409090909,A,F,,,P1M,,A,,,,,,,99Q1=100,,,4,,4F0,,Polish zloty/Euro,"ECB reference exchange rate, Polish zloty/Euro, 2.15 pm (C.E.T.)",PLN,0
EXR.M.PLN.EUR.SP00.A,M,PLN,EUR,SP00,A,2015-07,4.1523739130435,A,F,,,P1M,,A,,,,,,,99Q1=100,,,4,,4F0,,Polish zloty/Euro,"ECB reference exchange rate, Polish zloty/Euro, 2.15 pm (C.E.T.)",PLN,0
EXR.M.PLN.EUR.SP00.A,M,PLN,EUR,SP00,A,2015-08,4.1952571428571,A,F,,,P1M,,A,,,,,,,99Q1=100,,,4,,4F0,,Polish zloty/Euro,"ECB reference exchange rate, Polish zloty/Euro, 2.15 pm (C.E.T.)",PLN,0
EXR.M.PLN.EUR.SP00.A,M,PLN,EUR,SP00,A,2015-09,4.2175636363636,A,F,,,P1M,,A,,,,,,,99Q1=100,,,4,,4F0,,Polish zloty/Euro,"ECB reference exchange rate, Polish zloty/Euro, 2.15 pm (C.E.T.)",PLN,0
EXR.M.PLN.EUR.SP00.A,M,PLN,EUR,SP00,A,2015-10,4.2507772727273,A,F,,,P1M,,A,,,,,,,99Q1=100,,,4,,4F0,,Polish zloty/Euro,"ECB reference exchange rate, Polish zloty/Euro, 2.15 pm (C.E.T.)",PLN,0
EXR.M.PLN.EUR.SP00.A,M,PLN,EUR,SP00,A,2015-11,4.2494476190476,A,F,,,P1M,,A,,,,,,,99Q1=100,,,4,,4F0,,Polish zloty/Euro,"ECB reference exchange rate, Polish zloty/Euro, 2.15 pm (C.E.T.)",PLN,0
EXR.M.PLN.EUR.SP00.A,M,PLN,EUR,SP00,A,2015-12,4.29,A,F,,,P1M,,A,,,,,,,99Q1=100,,,4,,4F0,,Polish zloty/Euro,"ECB reference exchange rate, Polish zloty/Euro, 2.15 pm (C.E.T.)",PLN,0
EXR.M.PLN.EUR.SP00.A,M,PLN,EUR,SP00,A,2016-01,4.407375,A,F,,,P1M,,A,,,,,,,99Q1=100,,,4,,4F0,,Polish zloty/Euro,"ECB reference exchange rate, Polish zloty/Euro, 2.15 pm (C.E.T.)",PLN,0
EXR.M.PLN.EUR.SP00.A,M,PLN,EUR,SP00,A,2016-02,4.3969952380952,A,F,,,P1M,,A,,,,,,,99Q1=100,,,4,,4F0,,Polish zloty/Euro,"ECB reference exchange rate, Polish zloty/Euro, 2.15 pm (C.E.T.)",PLN,0
EXR.M.PLN.EUR.SP00.A,M,PLN,EUR,SP00,A,2016-03,4.2931666666667,A,F,,,P1M,,A,,,,,,,99Q1=100,,,4,,4F0,,Polish zloty/Euro,"ECB reference exchange rate, Polish zloty/Euro, 2.15 pm (C.E.T.)",PLN,0
EXR.M.PLN.EUR.SP00.A,M,PLN,EUR,SP00,A,2016-04,4.3105666666667,A,F,,,P1M,,A,,,,,,,99Q1=100,,,4,,4F0,,Polish zloty/Euro,"ECB reference exchange rate, Polish zloty/Euro, 2.15 pm (C.E.T.)",PLN,0
EXR.M.PLN.EUR.SP00.A,M,PLN,EUR,SP00,A,2016-05,4.4039272727273,A,F,,,P1M,,A,,,,,,,99Q1=100,,,4,,4F0,,Polish zloty/Euro,"ECB reference exchange rate, Polish zloty/Euro, 2.15 pm (C.E.T.)",PLN,0
EXR.M.PLN.EUR.SP00.A,M,PLN,EUR,SP00,A,2016-06,4.3995863636364,A,F,,,P1M,,A,,,,,,,99Q1=100,,,4,,4F0,,Polish zloty/Euro,"ECB reference exchange rate, Polish zloty/Euro, 2.15 pm (C.E.T.)",PLN,0
EXR.M.PLN.EUR.SP00.A,M,PLN,EUR,SP00,A,2016-07,4.3963619047619,A,F,,,P1M,,A,,,,,,,99Q1=100,,,4,,4F0,,Polish zloty/Euro,"ECB reference exchange rate, Polish zloty/Euro, 2.15 pm (C.E.T.)",PLN,0
EXR.M.PLN.EUR.SP00.A,M,PLN,EUR,SP00,A,2016-08,4.3004869565217,A,F,,,P1M,,A,,,,,,,99Q1=100,,,4,,4F0,,Polish zloty/Euro,"ECB reference exchange rate, Polish zloty/Euro, 2.15 pm (C.E.T.)",PLN,0
EXR.M.PLN.EUR.SP00.A,M,PLN,EUR,SP00,A,2016-09,4.3206954545455,A,F,,,P1M,,A,,,,,,,99Q1=100,,,4,,4F0,,Polish zloty/Euro,"ECB reference exchange rate, Polish zloty/Euro, 2.15 pm (C.E.T.)",PLN,0
EXR.M.PLN.EUR.SP00.A,M,PLN,EUR,SP00,A,2016-10,4.3076476190476,A,F,,,P1M,,A,,,,,,,99Q1=100,,,4,,4F0,,Polish zloty/Euro,"ECB reference exchange rate, Polish zloty/Euro, 2.15 pm (C.E.T.)",PLN,0
EXR.M.PLN.EUR.SP00.A,M,PLN,EUR,SP00,A,2016-11,4.3910954545455,A,F,,,P1M,,A,,,,,,,99Q1=100,,,4,,4F0,,Polish zloty/Euro,"ECB reference exchange rate, Polish zloty/Euro, 2.15 pm (C.E.T.)",PLN,0
EXR.M.PLN.EUR.SP00.A,M,PLN,EUR,SP00,A,2016-12,4.4356857142857,A,F,,,P1M,,A,,,,,,,99Q1=100,,,4,,4F0,,Polish zloty/Euro,"ECB reference exchange rate, Polish zloty/Euro, 2.15 pm (C.E.T.)",PLN,0
EXR.M.PLN.EUR.SP00.A,M,PLN,EUR,SP00,A,2017-01,4.3671045454545,A,F,,,P1M,,A,,,,,,,99Q1=100,,,4,,4F0,,Polish zloty/Euro,"ECB reference exchange rate, Polish zloty/Euro, 2.15 pm (C.E.T.)",PLN,0
EXR.M.PLN.EUR.SP00.A,M,PLN,EUR,SP00,A,2017-02,4.308115,A,F,,,P1M,,A,,,,,,,99Q1=100,,,4,,4F0,,Polish zloty/Euro,"ECB reference exchange rate, Polish zloty/Euro, 2.15 pm (C.E.T.)",PLN,0
EXR.M.PLN.EUR.SP00.A,M,PLN,EUR,SP00,A,2017-03,4.2871,A,F,,,P1M,,A,,,,,,,99Q1=100,,,4,,4F0,,Polish zloty/Euro,"ECB reference exchange rate, Polish zloty/Euro, 2.15 pm (C.E.T.)",PLN,0
EXR.M.PLN.EUR.SP00.A,M,PLN,EUR,SP00,A,2017-04,4.2374444444444,A,F,,,P1M,,A,,,,,,,99Q1=100,,,4,,4F0,,Polish zloty/Euro,"ECB reference exchange rate, Polish zloty/Euro, 2.15 pm (C.E.T.)",PLN,0
EXR.M.PLN.EUR.SP00.A,M,PLN,EUR,SP00,A,2017-05,4.1997727272727,A,F,,,P1M,,A,,,,,,,99Q1=100,,,4,,4F0,,Polish zloty/Euro,"ECB reference exchange rate, Polish zloty/Euro, 2.15 pm (C.E.T.)",PLN,0
EXR.M.PLN.EUR.SP00.A,M,PLN,EUR,SP00,A,2017-06,4.2112590909091,A,F,,,P1M,,A,,,,,,,99Q1=100,,,4,,4F0,,Polish zloty/Euro,"ECB reference exchange rate, Polish zloty/Euro, 2.15 pm (C.E.T.)",PLN,0
EXR.M.PLN.EUR.SP00.A,M,PLN,EUR,SP00,A,2017-07,4.2362428571429,A,F,,,P1M,,A,,,,,,,99Q1=100,,,4,,4F0,,Polish zloty/Euro,"ECB reference exchange rate, Polish zloty/Euro, 2.15 pm (C.E.T.)",PLN,0
EXR.M.PLN.EUR.SP00.A,M,PLN,EUR,SP00,A,2017-08,4.2665956521739,A,F,,,P1M,,A,,,,,,,99Q1=100,,,4,,4F0,,Polish zloty/Euro,"ECB reference exchange rate, Polish zloty/Euro, 2.15 pm (C.E.T.)",PLN,0
EXR.M.PLN.EUR.SP00.A,M,PLN,EUR,SP00,A,2017-09,4.2693428571429,A,F,,,P1M,,A,,,,,,,99Q1=100,,,4,,4F0,,Polish zloty/Euro,"ECB reference exchange rate, Polish zloty/Euro, 2.15 pm (C.E.T.)",PLN,0
EXR.M.PLN.EUR.SP00.A,M,PLN,EUR,SP00,A,2017-10,4.2627454545455,A,F,,,P1M,,A,,,,,,,99Q1=100,,,4,,4F0,,Polish zloty/Euro,"ECB reference exchange rate, Polish zloty/Euro, 2.15 pm (C.E.T.)",PLN,0
EXR.M.PLN.EUR.SP00.A,M,PLN,EUR,SP00,A,2017-11,4.2267590909091,A,F,,,P1M,,A,,,,,,,99Q1=100,,,4,,4F0,,Polish zloty/Euro,"ECB reference exchange rate, Polish zloty/Euro, 2.15 pm (C.E.T.)",PLN,0
EXR.M.PLN.EUR.SP00.A,M,PLN,EUR,SP00,A,2017-12,4.2032368421053,A,F,,,P1M,,A,,,,,,,99Q1=100,,,4,,4F0,,Polish zloty/Euro,"ECB reference exchange rate, Polish zloty/Euro, 2.15 pm (C.E.T.)",PLN,0
EXR.M.PLN.EUR.SP00.A,M,PLN,EUR,SP00,A,2018-01,4.1632318181818,A,F,,,P1M,,A,,,,,,,99Q1=100,,,4,,4F0,,Polish zloty/Euro,"ECB reference exchange rate, Polish zloty/Euro, 2.15 pm (C.E.T.)",PLN,0
EXR.M.PLN.EUR.SP00.A,M,PLN,EUR,SP00,A,2018-02,4.16532,A,F,,,P1M,,A,,,,,,,99Q1=100,,,4,,4F0,,Polish zloty/Euro,"ECB reference exchange rate, Polish zloty/Euro, 2.15 pm (C.E.T.)",PLN,0
EXR.M.PLN.EUR.SP00.A,M,PLN,EUR,SP00,A,2018-03,4.2092142857143,A,F,,,P1M,,A,,,,,,,99Q1=100,,,4,,4F0,,Polish zloty/Euro,"ECB reference exchange rate, Polish zloty/Euro, 2.15 pm (C.E.T.)",PLN,0
EXR.M.PLN.EUR.SP00.A,M,PLN,EUR,SP00,A,2018-04,4.19366,A,F,,,P1M,,A,,,,,,,99Q1=100,,,4,,4F0,,Polish zloty/Euro,"ECB reference exchange rate, Polish zloty/Euro, 2.15 pm (C.E.T.)",PLN,0
EXR.M.PLN.EUR.SP00.A,M,PLN,EUR,SP00,A,2018-05,4.2850318181818,A,F,,,P1M,,A,,,,,,,99Q1=100,,,4,,4F0,,Polish zloty/Euro,"ECB reference exchange rate, Polish zloty/Euro, 2.15 pm (C.E.T.)",PLN,0
EXR.M.PLN.EUR.SP00.A,M,PLN,EUR,SP00,A,2018-06,4.3037761904762,A,F,,,P1M,,A,,,,,,,99Q1=100,,,4,,4F0,,Polish zloty/Euro,"ECB reference exchange rate, Polish zloty/Euro, 2.15 pm (C.E.T.)",PLN,0
EXR.M.PLN.EUR.SP00.A,M,PLN,EUR,SP00,A,2018-07,4.3239136363636,A,F,,,P1M,,A,,,,,,,99Q1=100,,,4,,4F0,,Polish zloty/Euro,"ECB reference exchange rate, Polish zloty/Euro, 2.15 pm (C.E.T.)",PLN,0
EXR.M.PLN.EUR.SP00.A,M,PLN,EUR,SP00,A,2018-08,4.2857695652174,A,F,,,P1M,,A,,,,,,,99Q1=100,,,4,,4F0,,Polish zloty/Euro,"ECB reference exchange rate, Polish zloty/Euro, 2.15 pm (C.E.T.)",PLN,0
EXR.M.PLN.EUR.SP00.A,M,PLN,EUR,SP00,A,2018-09,4.300615,A,F,,,P1M,,A,,,,,,,99Q1=100,,,4,,4F0,,Polish zloty/Euro,"ECB reference exchange rate, Polish zloty/Euro, 2.15 pm (C.E.T.)",PLN,0
EXR.M.PLN.EUR.SP00.A,M,PLN,EUR,SP00,A,2018-10,4.3046,A,F,,,P1M,,A,,,,,,,99Q1=100,,,4,,4F0,,Polish zloty/Euro,"ECB reference exchange rate, Polish zloty/Euro, 2.15 pm (C.E.T.)",PLN,0
EXR.M.PLN.EUR.SP00.A,M,PLN,EUR,SP00,A,2018-11,4.3017590909091,A,F,,,P1M,,A,,,,,,,99Q1=100,,,4,,4F0,,Polish zloty/Euro,"ECB reference exchange rate, Polish zloty/Euro, 2.15 pm (C.E.T.)",PLN,0
EXR.M.PLN.EUR.SP00.A,M,PLN,EUR,SP00,A,2018-12,4.2900052631579,A,F,,,P1M,,A,,,,,,,99Q1=100,,,4,,4F0,,Polish zloty/Euro,"ECB reference exchange rate, Polish zloty/Euro, 2.15 pm (C.E.T.)",PLN,0
EXR.M.PLN.EUR.SP00.A,M,PLN,EUR,SP00,A,2019-01,4.2915954545455,A,F,,,P1M,,A,,,,,,,99Q1=100,,,4,,4F0,,Polish zloty/Euro,"ECB reference exchange rate, Polish zloty/Euro, 2.15 pm (C.E.T.)",PLN,0
EXR.M.PLN.EUR.SP00.A,M,PLN,EUR,SP00,A,2019-02,4.31752,A,F,,,P1M,,A,,,,,,,99Q1=100,,,4,,4F0,,Polish zloty/Euro,"ECB reference exchange rate, Polish zloty/Euro, 2.15 pm (C.E.T.)",PLN,0
EXR.M.PLN.EUR.SP00.A,M,PLN,EUR,SP00,A,2019-03,4.2968714285714,A,F,,,P1M,,A,,,,,,,99Q1=100,,,4,,4F0,,Polish zloty/Euro,"ECB reference exchange rate, Polish zloty/Euro, 2.15 pm (C.E.T.)",PLN,0
EXR.M.PLN.EUR.SP00.A,M,PLN,EUR,SP00,A,2019-04,4.286405,A,F,,,P1M,,A,,,,,,,99Q1=100,,,4,,4F0,,Polish zloty/Euro,"ECB reference exchange rate, Polish zloty/Euro, 2.15 pm (C.E.T.)",PLN,0
EXR.M.PLN.EUR.SP00.A,M,PLN,EUR,SP00,A,2019-05,4.2957590909091,A,F,,,P1M,,A,,,,,,,99Q1=100,,,4,,4F0,,Polish zloty/Euro,"ECB reference exchange rate, Polish zloty/Euro, 2.15 pm (C.E.T.)",PLN,0
EXR.M.PLN.EUR.SP00.A,M,PLN,EUR,SP00,A,2019-06,4.263505,A,F,,,P1M,,A,,,,,,,99Q1=100,,,4,,4F0,,Polish zloty/Euro,"ECB reference exchange rate, Polish zloty/Euro, 2.15 pm (C.E.T.)",PLN,0
EXR.M.PLN.EUR.SP00.A,M,PLN,EUR,SP00,A,2019-07,4.2595956521739,A,F,,,P1M,,A,,,,,,,99Q1=100,,,4,,4F0,,Polish zloty/Euro,"ECB reference exchange rate, Polish zloty/Euro, 2.15 pm (C.E.T.)",PLN,0
EXR.M.PLN.EUR.SP00.A,M,PLN,EUR,SP00,A,2019-08,4.3466409090909,A,F,,,P1M,,A,,,,,,,99Q1=100,,,4,,4F0,,Polish zloty/Euro,"ECB reference exchange rate, Polish zloty/Euro, 2.15 pm (C.E.T.)",PLN,0
EXR.M.PLN.EUR.SP00.A,M,PLN,EUR,SP00,A,2019-09,4.3531285714286,A,F,,,P1M,,A,,,,,,,99Q1=100,,,4,,4F0,,Polish zloty/Euro,"ECB reference exchange rate, Polish zloty/Euro, 2.15 pm (C.E.T.)",PLN,0
EXR.M.PLN.EUR.SP00.A,M,PLN,EUR,SP00,A,2019-10,4.3012739130435,A,F,,,P1M,,A,,,,,,,99Q1=100,,,4,,4F0,,Polish zloty/Euro,"ECB reference exchange rate, Polish zloty/Euro, 2.15 pm (C.E.T.)",PLN,0
EXR.M.PLN.EUR.SP00.A,M,PLN,EUR,SP00,A,2019-11,4.2854666666667,A,F,,,P1M,,A,,,,,,,99Q1=100,,,4,,4F0,,Polish zloty/Euro,"ECB reference exchange rate, Polish zloty/Euro, 2.15 pm (C.E.T.)",PLN,0
EXR.M.PLN.EUR.SP00.A,M,PLN,EUR,SP00,A,2019-12,4.272575,A,F,,,P1M,,A,,,,,,,99Q1=100,,,4,,4F0,,Polish zloty/Euro,"ECB reference exchange rate, Polish zloty/Euro, 2.15 pm (C.E.T.)",PLN,0
EXR.M.PLN.EUR.SP00.A,M,PLN,EUR,SP00,A,2020-01,4.2507409090909,A,F,,,P1M,,A,,,,,,,99Q1=100,,,4,,4F0,,Polish zloty/Euro,"ECB reference exchange rate, Polish zloty/Euro, 2.15 pm (C.E.T.)",PLN,0
EXR.M.PLN.EUR.SP00.A,M,PLN,EUR,SP00,A,2020-02,4.27657,A,F,,,P1M,,A,,,,,,,99Q1=100,,,4,,4F0,,Polish zloty/Euro,"ECB reference exchange rate, Polish zloty/Euro, 2.15 pm (C.E.T.)",PLN,0
EXR.M.PLN.EUR.SP00.A,M,PLN,EUR,SP00,A,2020-03,4.4406227272727,A,F,,,P1M,,A,,,,,,,99Q1=100,,,4,,4F0,,Polish zloty/Euro,"ECB reference exchange rate, Polish zloty/Euro, 2.15 pm (C.E.T.)",PLN,0
EXR.M.PLN.EUR.SP00.A,M,PLN,EUR,SP00,A,2020-04,4.543695,A,F,,,P1M,,A,,,,,,,99Q1=100,,,4,,4F0,,Polish zloty/Euro,"ECB reference exchange rate, Polish zloty/Euro, 2.15 pm (C.E.T.)",PLN,0
EXR.M.PLN.EUR.SP00.A,M,PLN,EUR,SP00,A,2020-05,4.525095,A,F,,,P1M,,A,,,,,,,99Q1=100,,,4,,4F0,,Polish zloty/Euro,"ECB reference exchange rate, Polish zloty/Euro, 2.15 pm (C.E.T.)",PLN,0
EXR.M.PLN.EUR.SP00.A,M,PLN,EUR,SP00,A,2020-06,4.4449818181818,A,F,,,P1M,,A,,,,,,,99Q1=100,,,4,,4F0,,Polish zloty/Euro,"ECB reference exchange rate, Polish zloty/Euro, 2.15 pm (C.E.T.)",PLN,0
EXR.M.PLN.EUR.SP00.A,M,PLN,EUR,SP00,A,2020-07,4.4492782608696,A,F,,,P1M,,A,,,,,,,99Q1=100,,,4,,4F0,,Polish zloty/Euro,"ECB reference exchange rate, Polish zloty/Euro, 2.15 pm (C.E.T.)",PLN,0
EXR.M.PLN.EUR.SP00.A,M,PLN,EUR,SP00,A,2020-08,4.3995428571429,A,F,,,P1M,,A,,,,,,,99Q1=100,,,4,,4F0,,Polish zloty/Euro,"ECB reference exchange rate, Polish zloty/Euro, 2.15 pm (C.E.T.)",PLN,0
EXR.M.PLN.EUR.SP00.A,M,PLN,EUR,SP00,A,2020-09,4.4727454545455,A,F,,,P1M,,A,,,,,,,99Q1=100,,,4,,4F0,,Polish zloty/Euro,"ECB reference exchange rate, Polish zloty/Euro, 2.15 pm (C.E.T.)",PLN,0
EXR.M.PLN.EUR.SP00.A,M,PLN,EUR,SP00,A,2020-10,4.5414363636364,A,F,,,P1M,,A,,,,,,,99Q1=100,,,4,,4F0,,Polish zloty/Euro,"ECB reference exchange rate, Polish zloty/Euro, 2.15 pm (C.E.T.)",PLN,0
EXR.M.PLN.EUR.SP00.A,M,PLN,EUR,SP00,A,2020-11,4.4948523809524,A,F,,,P1M,,A,,,,,,,99Q1=100,,,4,,4F0,,Polish zloty/Euro,"ECB reference exchange rate, Polish zloty/Euro, 2.15 pm (C.E.T.)",PLN,0
EXR.M.PLN.EUR.SP00.A,M,PLN,EUR,SP00,A,2020-12,4.4785636363636,A,F,,,P1M,,A,,,,,,,99Q1=100,,,4,,4F0,,Polish zloty/Euro,"ECB reference exchange rate, Polish zloty/Euro, 2.15 pm (C.E.T.)",PLN,0
EXR.M.PLN.EUR.SP00.A,M,PLN,EUR,SP00,A,2021-01,4.533345,A,F,,,P1M,,A,,,,,,,99Q1=100,,,4,,4F0,,Polish zloty/Euro,"ECB reference exchange rate, Polish zloty/Euro, 2.15 pm (C.E.T.)",PLN,0
EXR.M.PLN.EUR.SP00.A,M,PLN,EUR,SP00,A,2021-02,4.49681,A,F,,,P1M,,A,,,,,,,99Q1=100,,,4,,4F0,,Polish zloty/Euro,"ECB reference exchange rate, Polish zloty/Euro, 2.15 pm (C.E.T.)",PLN,0
EXR.M.PLN.EUR.SP00.A,M,PLN,EUR,SP00,A,2021-03,4.5990652173913,A,F,,,P1M,,A,,,,,,,99Q1=100,,,4,,4F0,,Polish zloty/Euro,"ECB reference exchange rate, Polish zloty/Euro, 2.15 pm (C.E.T.)",PLN,0
EXR.M.PLN.EUR.SP00.A,M,PLN,EUR,SP00,A,2021-04,4.56145,A,F,,,P1M,,A,,,,,,,99Q1=100,,,4,,4F0,,Polish zloty/Euro,"ECB reference exchange rate, Polish zloty/Euro, 2.15 pm (C.E.T.)",PLN,0
EXR.M.PLN.EUR.SP00.A,M,PLN,EUR,SP00,A,2021-05,4.5280952380952,A,F,,,P1M,,A,,,,,,,99Q1=100,,,4,,4F0,,Polish zloty/Euro,"ECB reference exchange rate, Polish zloty/Euro, 2.15 pm (C.E.T.)",PLN,0
EXR.M.PLN.EUR.SP00.A,M,PLN,EUR,SP00,A,2021-06,4.5005227272727,A,F,,,P1M,,A,,,,,,,99Q1=100,,,4,,4F0,,Polish zloty/Euro,"ECB reference exchange rate, Polish zloty/Euro, 2.15 pm (C.E.T.)",PLN,0
EXR.M.PLN.EUR.SP00.A,M,PLN,EUR,SP00,A,2021-07,4.5616181818182,A,F,,,P1M,,A,,,,,,,99Q1=100,,,4,,4F0,,Polish zloty/Euro,"ECB reference exchange rate, Polish zloty/Euro, 2.15 pm (C.E.T.)",PLN,0
EXR.M.PLN.EUR.SP00.A,M,PLN,EUR,SP00,A,2021-08,4.5687136363636,A,F,,,P1M,,A,,,,,,,99Q1=100,,,4,,4F0,,Polish zloty/Euro,"ECB reference exchange rate, Polish zloty/Euro, 2.15 pm (C.E.T.)",PLN,0
EXR.M.PLN.EUR.SP00.A,M,PLN,EUR,SP00,A,2021-09,4.5680727272727,A,F,,,P1M,,A,,,,,,,99Q1=100,,,4,,4F0,,Polish zloty/Euro,"ECB reference exchange rate, Polish zloty/Euro, 2.15 pm (C.E.T.)",PLN,0
EXR.M.PLN.EUR.SP00.A,M,PLN,EUR,SP00,A,2021-10,4.5908666666667,A,F,,,P1M,,A,,,,,,,99Q1=100,,,4,,4F0,,Polish zloty/Euro,"ECB reference exchange rate, Polish zloty/Euro, 2.15 pm (C.E.T.)",PLN,0
EXR.M.PLN.EUR.SP00.A,M,PLN,EUR,SP00,A,2021-11,4.6462090909091,A,F,,,P1M,,A,,,,,,,99Q1=100,,,4,,4F0,,Polish zloty/Euro,"ECB reference exchange rate, Polish zloty/Euro, 2.15 pm (C.E.T.)",PLN,0
EXR.M.PLN.EUR.SP00.A,M,PLN,EUR,SP00,A,2021-12,4.6136652173913,A,F,,,P1M,,A,,,,,,,99Q1=100,,,4,,4F0,,Polish zloty/Euro,"ECB reference exchange rate, Polish zloty/Euro, 2.15 pm (C.E.T.)",PLN,0
EXR.M.PLN.EUR.SP00.A,M,PLN,EUR,SP00,A,2022-01,4.5521952380952,A,F,,,P1M,,A,,,,,,,99Q1=100,,,4,,4F0,,Polish zloty/Euro,"ECB reference exchange rate, Polish zloty/Euro, 2.15 pm (C.E.T.)",PLN,0
EXR.M.PLN.EUR.SP00.A,M,PLN,EUR,SP00,A,2022-02,4.54873,A,F,,,P1M,,A,,,,,,,99Q1=100,,,4,,4F0,,Polish zloty/Euro,"ECB reference exchange rate, Polish zloty/Euro, 2.15 pm (C.E.T.)",PLN,0
EXR.M.PLN.EUR.SP00.A,M,PLN,EUR,SP00,A,2022-03,4.7522130434783,A,F,,,P1M,,A,,,,,,,99Q1=100,,,4,,4F0,,Polish zloty/Euro,"ECB reference exchange rate, Polish zloty/Euro, 2.15 pm (C.E.T.)",PLN,0
EXR.M.PLN.EUR.SP00.A,M,PLN,EUR,SP00,A,2022-04,4.6485263157895,A,F,,,P1M,,A,,,,,,,99Q1=100,,,4,,4F0,,Polish zloty/Euro,"ECB reference exchange rate, Polish zloty/Euro, 2.15 pm (C.E.T.)",PLN,0
EXR.M.PLN.EUR.SP00.A,M,PLN,EUR,SP00,A,2022-05,4.6484863636364,A,F,,,P1M,,A,,,,,,,99Q1=100,,,4,,4F0,,Polish zloty/Euro,"ECB reference exchange rate, Polish zloty/Euro, 2.15 pm (C.E.T.)",PLN,0
EXR.M.PLN.EUR.SP00.A,M,PLN,EUR,SP00,A,2022-06,4.6470681818182,A,F,,,P1M,,A,,,,,,,99Q1=100,,,4,,4F0,,Polish zloty/Euro,"ECB reference exchange rate, Polish zloty/Euro, 2.15 pm (C.E.T.)",PLN,0
EXR.M.PLN.EUR.SP00.A,M,PLN,EUR,SP00,A,2022-07,4.7682428571429,A,F,,,P1M,,A,,,,,,,99Q1=100,,,4,,4F0,,Polish zloty/Euro,"ECB reference exchange rate, Polish zloty/Euro, 2.15 pm (C.E.T.)",PLN,0
EXR.M.PLN.EUR.SP00.A,M,PLN,EUR,SP00,A,2022-08,4.7233347826087,A,F,,,P1M,,A,,,,,,,99Q1=100,,,4,,4F0,,Polish zloty/Euro,"ECB reference exchange rate, Polish zloty/Euro, 2.15 pm (C.E.T.)",PLN,0
EXR.M.PLN.EUR.SP00.A,M,PLN,EUR,SP00,A,2022-09,4.7414454545455,A,F,,,P1M,,A,,,,,,,99Q1=100,,,4,,4F0,,Polish zloty/Euro,"ECB reference exchange rate, Polish zloty/Euro, 2.15 pm (C.E.T.)",PLN,0
EXR.M.PLN.EUR.SP00.A,M,PLN,EUR,SP00,A,2022-10,4.8039952380952,A,F,,,P1M,,A,,,,,,,99Q1=100,,,4,,4F0,,Polish zloty/Euro,"ECB reference exchange rate, Polish zloty/Euro, 2.15 pm (C.E.T.)",PLN,0
EXR.M.PLN.EUR.SP00.A,M,PLN,EUR,SP00,A,2022-11,4.6964181818182,A,F,,,P1M,,A,,,,,,,99Q1=100,,,4,,4F0,,Polish zloty/Euro,"ECB reference exchange rate, Polish zloty/Euro, 2.15 pm (C.E.T.)",PLN,0
EXR.M.PLN.EUR.SP00.A,M,PLN,EUR,SP00,A,2022-12,4.6831857142857,A,F,,,P1M,,A,,,,,,,99Q1=100,,,4,,4F0,,Polish zloty/Euro,"ECB reference exchange rate, Polish zloty/Euro, 2.15 pm (C.E.T.)",PLN,0
EXR.M.PLN.EUR.SP00.A,M,PLN,EUR,SP00,A,2023-01,4.6974181818182,A,F,,,P1M,,A,,,,,,,99Q1=100,,,4,,4F0,,Polish zloty/Euro,"ECB reference exchange rate, Polish zloty/Euro, 2.15 pm (C.E.T.)",PLN,0
EXR.M.PLN.EUR.SP00.A,M,PLN,EUR,SP00,A,2023-02,4.74153,A,F,,,P1M,,A,,,,,,,99Q1=100,,,4,,4F0,,Polish zloty/Euro,"ECB reference exchange rate, Polish zloty/Euro, 2.15 pm (C.E.T.)",PLN,0
EXR.M.PLN.EUR.SP00.A,M,PLN,EUR,SP00,A,2023-03,4.689347826087,A,F,,,P1M,,A,,,,,,,99Q1=100,,,4,,4F0,,Polish zloty/Euro,"ECB reference exchange rate, Polish zloty/Euro, 2.15 pm (C.E.T.)",PLN,0
EXR.M.PLN.EUR.SP00.A,M,PLN,EUR,SP00,A,2023-04,4.6320111111111,A,F,,,P1M,,A,,,,,,,99Q1=100,,,4,,4F0,,Polish zloty/Euro,"ECB reference exchange rate, Polish zloty/Euro, 2.15 pm (C.E.T.)",PLN,0
EXR.M.PLN.EUR.SP00.A,M,PLN,EUR,SP00,A,2023-05,4.53445,A,F,,,P1M,,A,,,,,,,99Q1=100,,,4,,4F0,,Polish zloty/Euro,"ECB reference exchange rate, Polish zloty/Euro, 2.15 pm (C.E.T.)",PLN,0
EXR.M.PLN.EUR.SP00.A,M,PLN,EUR,SP00,A,2023-06,4.4608,A,F,,,P1M,,A,,,,,,,99Q1=100,,,4,,4F0,,Polish zloty/Euro,"ECB reference exchange rate, Polish zloty/Euro, 2.15 pm (C.E.T.)",PLN,0
EXR.M.PLN.EUR.SP00.A,M,PLN,EUR,SP00,A,2023-07,4.443080952381,A,F,,,P1M,,A,,,,,,,99Q1=100,,,4,,4F0,,Polish zloty/Euro,"ECB reference exchange rate, Polish zloty/Euro, 2.15 pm (C.E.T.)",PLN,0
EXR.M.PLN.EUR.SP00.A,M,PLN,EUR,SP00,A,2023-08,4.4601173913043,A,F,,,P1M,,A,,,,,,,99Q1=100,,,4,,4F0,,Polish zloty/Euro,"ECB reference exchange rate, Polish zloty/Euro, 2.15 pm (C.E.T.)",PLN,0
EXR.M.PLN.EUR.SP00.A,M,PLN,EUR,SP00,A,2023-09,4.5980904761905,A,F,,,P1M,,A,,,,,,,99Q1=100,,,4,,4F0,,Polish zloty/Euro,"ECB reference exchange rate, Polish zloty/Euro, 2.15 pm (C.E.T.)",PLN,0
EXR.M.PLN.EUR.SP00.A,M,PLN,EUR,SP00,A,2023-10,4.5124363636364,A,F,,,P1M,,A,,,,,,,99Q1=100,,,4,,4F0,,Polish zloty/Euro,"ECB reference exchange rate, Polish zloty/Euro, 2.15 pm (C.E.T.)",PLN,0
EXR.M.PLN.EUR.SP00.A,M,PLN,EUR,SP00,A,2023-11,4.4019590909091,A,F,,,P1M,,A,,,,,,,99Q1=100,,,4,,4F0,,Polish zloty/Euro,"ECB reference exchange rate, Polish zloty/Euro, 2.15 pm (C.E.T.)",PLN,0
EXR.M.PLN.EUR.SP00.A,M,PLN,EUR,SP00,A,2023-12,4.3335157894737,A,F,,,P1M,,A,,,,,,,99Q1=100,,,4,,4F0,,Polish zloty/Euro,"ECB reference exchange rate, Polish zloty/Euro, 2.15 pm (C.E.T.)",PLN,0
EXR.M.PLN.EUR.SP00.A,M,PLN,EUR,SP00,A,2024-01,4.3647909090909,A,F,,,P1M,,A,,,,,,,99Q1=100,,,4,,4F0,,Polish zloty/Euro,"ECB reference exchange rate, Polish zloty/Euro, 2.15 pm (C.E.T.)",PLN,0
EXR.M.PLN.EUR.SP00.A,M,PLN,EUR,SP00,A,2024-02,4.325580952381,A,F,,,P1M,,A,,,,,,,99Q1=100,,,4,,4F0,,Polish zloty/Euro,"ECB reference exchange rate, Polish zloty/Euro, 2.15 pm (C.E.T.)",PLN,0
EXR.M.PLN.EUR.SP00.A,M,PLN,EUR,SP00,A,2024-03,4.3069,A,F,,,P1M,,A,,,,,,,99Q1=100,,,4,,4F0,,Polish zloty/Euro,"ECB reference exchange rate, Polish zloty/Euro, 2.15 pm (C.E.T.)",PLN,0
EXR.M.PLN.EUR.SP00.A,M,PLN,EUR,SP00,A,2024-04,4.3026095238095,A,F,,,P1M,,A,,,,,,,99Q1=100,,,4,,4F0,,Polish zloty/Euro,"ECB reference exchange rate, Polish zloty/Euro, 2.15 pm (C.E.T.)",PLN,0
EXR.M.PLN.EUR.SP00.A,M,PLN,EUR,SP00,A,2024-05,4.2796409090909,A,F,,,P1M,,A,,,,,,,99Q1=100,,,4,,4F0,,Polish zloty/Euro,"ECB reference exchange rate, Polish zloty/Euro, 2.15 pm (C.E.T.)",PLN,0
EXR.M.PLN.EUR.SP00.A,M,PLN,EUR,SP00,A,2024-06,4.32094,A,F,,,P1M,,A,,,,,,,99Q1=100,,,4,,4F0,,Polish zloty/Euro,"ECB reference exchange rate, Polish zloty/Euro, 2.15 pm (C.E.T.)",PLN,0
EXR.M.PLN.EUR.SP00.A,M,PLN,EUR,SP00,A,2024-07,4.2817304347826,A,F,,,P1M,,A,,,,,,,99Q1=100,,,4,,4F0,,Polish zloty/Euro,"ECB reference exchange rate, Polish zloty/Euro, 2.15 pm (C.E.T.)",PLN,0
EXR.M.PLN.EUR.SP00.A,M,PLN,EUR,SP00,A,2024-08,4.2917227272727,A,F,,,P1M,,A,,,,,,,99Q1=100,,,4,,4F0,,Polish zloty/Euro,"ECB reference exchange rate, Polish zloty/Euro, 2.15 pm (C.E.T.)",PLN,0
EXR.M.PLN.EUR.SP00.A,M,PLN,EUR,SP00,A,2024-09,4.2760571428571,A,F,,,P1M,,A,,,,,,,99Q1=100,,,4,,4F0,,Polish zloty/Euro,"ECB reference exchange rate, Polish zloty/Euro, 2.15 pm (C.E.T.)",PLN,0
EXR.M.PLN.EUR.SP00.A,M,PLN,EUR,SP00,A,2024-10,4.316952173913,A,F,,,P1M,,A,,,,,,,99Q1=100,,,4,,4F0,,Polish zloty/Euro,"ECB reference exchange rate, Polish zloty/Euro, 2.15 pm (C.E.T.)",PLN,0
EXR.M.PLN.EUR.SP00.A,M,PLN,EUR,SP00,A,2024-11,4.3316571428571,A,F,,,P1M,,A,,,,,,,99Q1=100,,,4,,4F0,,Polish zloty/Euro,"ECB reference exchange rate, Polish zloty/Euro, 2.15 pm (C.E.T.)",PLN,0
EXR.M.PLN.EUR.SP00.A,M,PLN,EUR,SP00,A,2024-12,4.27039,A,F,,,P1M,,A,,,,,,,99Q1=100,,,4,,4F0,,Polish zloty/Euro,"ECB reference exchange rate, Polish zloty/Euro, 2.15 pm (C.E.T.)",PLN,0
EXR.M.PLN.EUR.SP00.A,M,PLN,EUR,SP00,A,2025-01,4.246654545454546,A,F,,,P1M,,A,,,,,,,99Q1=100,,,4,,4F0,,Polish zloty/Euro,"ECB reference exchange rate, Polish zloty/Euro, 2.15 pm (C.E.T.)",PLN,0
EXR.M.PLN.EUR.SP00.A,M,PLN,EUR,SP00,A,2025-02,4.172225,A,F,,,P1M,,A,,,,,,,99Q1=100,,,4,,4F0,,Polish zloty/Euro,"ECB reference exchange rate, Polish zloty/Euro, 2.15 pm (C.E.T.)",PLN,0
EXR.M.PLN.EUR.SP00.A,M,PLN,EUR,SP00,A,2025-03,4.182009523809523,A,F,,,P1M,,A,,,,,,,99Q1=100,,,4,,4F0,,Polish zloty/Euro,"ECB reference exchange rate, Polish zloty/Euro, 2.15 pm (C.E.T.)",PLN,0
EXR.M.PLN.EUR.SP00.A,M,PLN,EUR,SP00,A,2025-04,4.265219999999999,A,F,,,P1M,,A,,,,,,,99Q1=100,,,4,,4F0,,Polish zloty/Euro,"ECB reference exchange rate, Polish zloty/Euro, 2.15 pm (C.E.T.)",PLN,0
EXR.M.PLN.EUR.SP00.A,M,PLN,EUR,SP00,A,2025-05,4.2538,A,F,,,P1M,,A,,,,,,,99Q1=100,,,4,,4F0,,Polish zloty/Euro,"ECB reference exchange rate, Polish zloty/Euro, 2.15 pm (C.E.T.)",PLN,0
EXR.M.PLN.EUR.SP00.A,M,PLN,EUR,SP00,A,2025-06,4.265771428571427,A,F,,,P1M,,A,,,,,,,99Q1=100,,,4,,4F0,,Polish zloty/Euro,"ECB reference exchange rate, Polish zloty/Euro, 2.15 pm (C.E.T.)",PLN,0
EXR.M.PLN.EUR.SP00.A,M,PLN,EUR,SP00,A,2025-07,4.254147826086958,A,F,,,P1M,,A,,,,,,,99Q1=100,,,4,,4F0,,Polish zloty/Euro,"ECB reference exchange rate, Polish zloty/Euro, 2.15 pm (C.E.T.)",PLN,0
EXR.M.PLN.EUR.SP00.A,M,PLN,EUR,SP00,A,2025-08,4.2613047619047615,A,F,,,P1M,,A,,,,,,,99Q1=100,,,4,,4F0,,Polish zloty/Euro,"ECB reference exchange rate, Polish zloty/Euro, 2.15 pm (C.E.T.)",PLN,0
EXR.M.PLN.EUR.SP00.A,M,PLN,EUR,SP00,A,2025-09,4.258886363636364,A,F,,,P1M,,A,,,,,,,99Q1=100,,,4,,4F0,,Polish zloty/Euro,"ECB reference exchange rate, Polish zloty/Euro, 2.15 pm (C.E.T.)",PLN,0
EXR.M.PLN.EUR.SP00.A,M,PLN,EUR,SP00,A,2025-10,4.248791304347826,A,F,,,P1M,,A,,,,,,,99Q1=100,,,4,,4F0,,Polish zloty/Euro,"ECB reference exchange rate, Polish zloty/Euro, 2.15 pm (C.E.T.)",PLN,0
EXR.M.PLN.EUR.SP00.A,M,PLN,EUR,SP00,A,2025-11,4.237635,A,F,,,P1M,,A,,,,,,,99Q1=100,,,4,,4F0,,Polish zloty/Euro,"ECB reference exchange rate, Polish zloty/Euro, 2.15 pm (C.E.T.)",PLN,0
EXR.M.PLN.EUR.SP00.A,M,PLN,EUR,SP00,A,2025-12,4.223857142857144,A,F,,,P1M,,A,,,,,,,99Q1=100,,,4,,4F0,,Polish zloty/Euro,"ECB reference exchange rate, Polish zloty/Euro, 2.15 pm (C.E.T.)",PLN,0
